idSklepu,ulicaNrLokalu,przedsiebiorca
0001,2 PUŁKU LOTNICZEGO 1,JERONIMO MARTINS POLSKA S.A.
0002,2 PUŁKU LOTNICZEGO 24,SKLEP WIELOBRANŻOWY KORAL A.Z. KALETA SPÓŁKA JAWNA
0003,2 PUŁKU LOTNICZEGO 44,KALETA SPÓŁKA JAWNA
0004,2 PUŁKU LOTNICZEGO 1C,MEGANA SPÓŁKA Z O.O.
0005,2 PUŁKU LOTNICZEGO 1C/7,KOŁAŚ KATARZYNA
0006,2 PUŁKU LOTNICZEGO przy bl.16,STANUCH RAFAŁ
0007,28 LIPCA 1943 9A,PODWAWELSKA SPÓŁDZIELNIA SPOŻYWCÓW
0008,29 LISTOPADA 106,KUZIOR ANNA
0009,29 LISTOPADA 125,"MIŁASZEWSKA IRENA, MIŁASZEWSKI KRZYSZTOF"
0010,29 LISTOPADA 155A,LORENZ MACIEJ
0011,29 LISTOPADA 36 LOK. 14,WĘDZONY ADAM
0012,29 LISTOPADA 39B,BP EUROPA SE SPÓŁKA EUROPEJSKA ODDZIAŁ W POLSCE
0013,29 LISTOPADA 42C,DUMNICKI PAWEŁ
0014,29 LISTOPADA 57-59,PODWAWELSKA SPÓŁDZIELNIA SPOŻYWCÓW
0015,29 LISTOPADA 57-59,"WIELECKA ALICJA, WIELECKI MATEUSZ, WIELECKI WIKTOR"
0016,29 LISTOPADA 63A,MENTEL JANUSZ
0017,FELIŃSKIEGO 29,MUSIAŁ TOMASZ
0018,FELIŃSKIEGO 33,ZEGARMISTRZ JUSTYNA
0019,FELIŃSKIEGO 20 LU 4,SYKUCKA JOANNA
0020,ADAMA BOCHENKA 10/LU3,RYLSKA IWONA
0021,ADAMA MARCZYŃSKIEGO 2,"ZIELENIAK SEBASTIAN, MUSIAŁ ADAM"
0022,ADAMA PRAŻMOWSKIEGO 12,FIRMA HANDLOWO USŁUGOWA ŁUKASIK STANISŁAW ŁUKASIK SP. J.
0023,AGATOWA 1,STOLARZ ANNA
0024,AGATOWA 23 lok.U1,GABOR JAROSŁAW
0025,ALBATROSÓW 18,"GIBAŁA ANNA, GIBAŁA BEATA"
0026,ALBERTA SCHWEITZERA 13,BASTER MARCIN
0027,ALBERTYŃSKIE 22A,FIRMA HANDLOWA MARKRT NA WZGÓRZACH WIOLETTA I RYSZARD DZIADKOWIEC
0028,ALBERTYŃSKIE 27A,"JAZOWSKI JAROSŁAW, POLAK ZBIGNIEW"
0029,ALEJA 29 LISTOPADA 93,DĄBROWSKI ADAM
0030,ALEJA 29 LISTOPADA 32 d,NOWORYTA KRZYSZTOF
0031,KOMOROWSKIEGO 37,AUCHAN POLSKA SP. Z O.O.
0032,KOMOROWSKIEGO 41 lok. B037,AMBRA SPÓŁKA AKCYJNA
0033,ALEJA IGNACEGO DASZYŃSKIEGO 8,HURLAK JOANNA
0034,ALEJA IGNACEGO DASZYŃSKIEGO 18,KALETA SPÓŁKA JAWNA
0035,ALEJA JANA PAWŁA II 15,LEWIATAN MARKET SPÓŁKA Z O.O.
0036,ALEJA JANA PAWŁA II 200,CIRCLE K POLSKA SPÓŁKA Z O.O.
0037,ALEJA JULIUSZA SŁOWACKIEGO 11B,WITEK LESZEK
0038,ALEJA KIJOWSKA 57/LU 5,CHORZĘPA JAN
0039,ALEJA POKOJU 33,EKWI B.W. POLAŃSCY SP. J.
0040,ALEJA POKOJU 91,LOTOS PALIWA SPÓŁKA
0041,ALEJA SOLIDARNOŚCI 11,SPOŁEM POWSZECHNA SPÓŁDZIELNIA SPOŻYWCÓW NOWA HUTA W KRAKOWIE
0042,ALEJE SŁOWACKIEGO 64,MEGA SPÓŁKA Z O.O.
0043,ALEKSANDRA FREDRY 27,WÓJTOWICZ KRZYSZTOF
0044,ALEKSANDRA LUBOMIRSKIEGO 51,TUCZYŃSKI GRZEGORZ
0045,ALEKSANDRA SZUKIEWICZA 3,"SWOBODA URSZULA, SWOBODA WŁADYSŁAW"
0046,ALEKSANDRA SZUKIEWICZA 3,"SWOBODA URSZULA, SWOBODA WŁADYSŁAW"
0047,ALEKSANDRY 3 A,PIETRUSA PATRYCJA
0048,ALEKSANDRY 21,"CHUDOBA AGNIESZKA, STRĄCZEK TOMASZ"
0049,ANDRZEJA STRUGA przy bloku nr 8,"TUCZYŃSKA ANNA, TUCZYŃSKI GRZEGORZ"
0050,ARCHITEKTÓW DZ. NR 10,ŁUCZYWO KAZIMIERZ
0051,"ARMII ""KRAKÓW"" 22",KALETA SPÓŁKA JAWNA
0052,"ARMII ""KRAKÓW"" 80","FURTAK AGNIESZKA, FURTAK TOMASZ"
0053,ARMII KRAJOWEJ 10,CIRCLE K POLSKA SPÓŁKA Z OGRANICZONĄ ODPOWIEDZIALNOŚCIĄ
0054,ARMII KRAJOWEJ 11,ORBIS SPÓŁKA AKCYJNA
0055,ARMII KRAJOWEJ 77,MAKROLITH TRADING SP. Z O.O.
0056,ARMII KRAJOWEJ 97/3,POPIOŁEK JOLANTA
0057,ARMII KRAJOWEJ 11A,ORBIS SPÓŁKA AKCYJNA
0058,ARMII KRAJOWEJ 21A,POLSKI KONCERN NAFTOWY ORLEN SPÓŁKA AKCYJNA
0059,ARMII KRAJOWEJ 93 lok. 8,MATUSIK JACEK
0060,ASTRONAUTÓW 5,KUCHARSKA LUCYNA
0061,AUGUSTYNA KORDECKIEGO 13,PIASKOWSKI KRZYSZTOF
0062,AVIA 5 lok. U 3,MAZURKIEWICZ JAROSŁAW
0063,BAGROWA 80 lok. 47,CIEPIELOWSKI PATRYK
0064,BAJECZNA 6,KEFIREK SPÓŁKA AKCYJNA
0065,BAJECZNA 4 lok.U,CHUCHRO ELIZA
0066,BALICKA 16,KOMANDYTOWA
0067,BALICKA 18,WŁOCH MARTA
0068,BALICKA 18,SKÓRA WIOLETTA
0069,BALICKA 56,EUROCASH S.A.
0070,BALICKA 56,"MAJCHEREK MIROSŁAW, MUSIAŁ MARIUSZ"
0071,BALICKA 100,PIETRAS MAGDALENA
0072,BALICKA 157,JERONIMO MARTINS POLSKA SPÓŁKA AKCYJNA
0073,BALICKA 255,DOM WINA SPÓŁKA Z O.O.
0074,BALICKA 284,KOĆMA ELŻBIETA
0075,BALICKA 18D,FILEK MARTA
0076,BALICKA 41A,WŁOCH MARTA
0077,BARBARY 3,"MYTNIK MICHAŁ, MYTNIK ROMAN"
0078,BARBARY 3  paw. 1,"MYTNIK ROMAN, MYTNIK MICHAŁ"
0079,BARBARY p paw. 2,"MYTNIK ROMAN, MYTNIK MICHAŁ"
0080,BARTOSZA GŁOWACKIEGO 4,FIRMA HANDLOWO-USŁUGOWA ŁUKASIK STANISŁAW ŁUKASIK SP.J.
0081,BARTOSZA GŁOWACKIEGO 16B,KULA AGNIESZKA
0082,BATALIONÓW CHŁOPSKICH 2A,STAŃCZYK TERESA
0083,BAZAROWA 1,EUROCASH SPÓŁKA AKCYJNA
0084,BENEDYKTYŃSKA 37,BENEDICTUS MEMES SPÓŁKA Z OGRANICZONĄ ODPOWIEDZIALNOŚCIĄ
0085,BERKA JOSELEWICZA 28,JERONIMO MARTINS POLSKA SPÓŁKA AKCYJNA
0086,BESKIDZKA 29,RENATA KUBAREK
0087,BESKIDZKA 30,JERONIMO MARTINS POLSKA SPÓŁKA AKCYJNA
0088,BESKIDZKA 30,SKALNIAK PAULINA
0089,BESKIDZKA 30,AD - SYSTEM SPÓŁKA Z O. O.
0090,BETONOWA 2,PYRKA DANUTA
0091,BIAŁOPRĄDNICKA 15,PIETRZYK BRONISŁAW
0092,BIAŁOPRĄDNICKA 21,WERNER DOROTA
0093,"BIAŁORUSKA 10 B, 10 C",INTEGRAL TRADE SPÓŁKA Z OGRANICZONĄ ODPOWIEDZIALNOŚCIĄ
0094,"BIAŁORUSKA 10B,10C",KEFIREK S.A.
0095,BIAŁORUSKA 7 paw.15,BALAWEJDER  BOGDAN
0096,BIAŁORUSKA 7/kiosk 39,MEJER TADEUSZ
0097,BIAŁORUSKA pawilon nr 10,PAWLIK PIOTR
0098,BIEŃCZYCKA 7,KORPAŁA DOMINIK
0099,BIEŃCZYCKA 168 paw. 3/302,ZAKŁADY MIĘSNE SILESIA SPÓŁKA AKCYJNA
0100,BIEŃCZYCKI PLAC TARGOWY 14,"PRAŻUCH KRZYSZTOF, CHRAPEK KRYSTIAN"
0101,BIEŃCZYCKI PLAC TARGOWY 26,MCKIBBIN BOŻENA
0102,BIEŃCZYCKI PLAC TARGOWY kiosk nr 27,DUDZIK ANDRZEJ
0103,BIEŃCZYCKI PLAC TARGOWY pawilon 29,KOSZAŁKA ZBIGNIEW
0104,BIEŻANOWSKA 30,RYBAK MATEUSZ
0105,BIEŻANOWSKA 39,MICHALIK JAN
0106,BIEŻANOWSKA 77,ŻARÓW ADRIAN
0107,BIEŻANOWSKA 276,KOMANDYTOWA
0108,BIEŻANOWSKA 303,QUICK HOLDING SPÓŁKA Z O.O.
0109,BIEŻANOWSKA 311,CHROSTEK TOMASZ
0110,BIEŻANOWSKA 252A,STANISZ MONIKA
0111,BIEŻANOWSKA 78E,BUŁKA GRZEGORZ
0112,BIEŻANOWSKA 78G,CZURŁOWSKI RYSZARD
0113,BIEŻANOWSKA 88/25,MURDZA DANUTA
0114,BISKUPIŃSKA 3B,GREG INTERNATIONAL SPÓŁKA Z OGRANICZONĄ ODPOWIEDZIALNOŚCIĄ
0115,BLOKOWA 1,DONIEC ZBIGNIEW
0116,BLOKOWA 2,HALAGARDA SPÓŁKA JAWNA
0117,BŁAŻEJA CZEPCA 2,WICHEREK MIROSŁAW
0118,BOCIANA 13,ROKITA MONIKA
0119,BOCIANA 3 lok. LU 1,BASISTA MARCIN
0120,BOGUCIANKA 1,STRĄCZEK DOROTA
0121,BOGUCIANKA 3,SZEWCZYK  ANGELIKA
0122,BOGUCIANKA 74B,OPYRCHAŁ MICHAŁ
0123,BOGUCICKA 15,"MYTNIK ROMAN, MYTNIK MICHAŁ"
0124,BOHATERÓW WRZEŚNIA 2,MUSIAŁ ADAM
0125,BOHATERÓW WRZEŚNIA 18,JERONIMO MARTINS POLSKA S.A.
0126,BOHATERÓW WRZEŚNIA 26,ODPOWIEDZIALNOŚCIĄ SPÓŁKA JAWNA)
0127,BOHATERÓW WRZEŚNIA 48,GĄSIOREK TOMASZ
0128,BOHATERÓW WRZEŚNIA 76,TUCZYŃSKI GRZEGORZ
0129,BOHATERÓW WRZEŚNIA 1B/4U,KALETA SPÓŁKA JAWNA
0130,BOHATERÓW WRZEŚNIA 26A,FLIŚNIK ADAM
0131,BOHDANA ZALESKIEGO 1/4,KASPERCZYK MARCIN
0132,BOLESŁAWA CZERWIEŃSKIEGO 3B LU 1,SZLACHTA MICHAŁ
0133,BOLESŁAWA LIMANOWSKIEGO 3,JERONIMO MARTINS POLSKA SPÓŁKA AKCYJNA
0134,BOLESŁAWA LIMANOWSKIEGO 20,"KUŹMIK EWA, KUŹMIK ADRIAN"
0135,BOLESŁAWA LIMANOWSKIEGO 24,FURLAGA MARIUSZ
0136,BOLESŁAWA ORLIŃSKIEGO 1/1,WD+SHOT SPÓŁKA Z OGRANICZONĄ ODPOWIEDZIALNOŚCIĄ
0137,BOLESŁAWA ORLIŃSKIEGO 3/10,AMVITA SPÓŁKA Z O.O. SPÓŁKA KOMANDYTOWO-AKCYJNA
0138,BOLESŁAWA ORLIŃSKIEGO 1 lok. 5,"NOWAK PAWEŁ, GÓRA RAFAŁ"
0139,BOLESŁAWA ORLIŃSKIEGO 1 LU 6,"WIELECKI WIKTOR, WIELECKA ALICJA, WIELECKI MATEUSZ"
0140,BOLESŁAWA ORLIŃSKIEGO 3 lok. U 3,ŚWIATŁOŃ DAMIAN
0141,BOLESŁAWA ORLIŃSKIEGO 5 lok. U 2,MUSIAŁ ADAM
0142,BONEROWSKA 5,APARTAMENTY BONEROWSKA KRZYSZTOF WANAT KRZYSZTOF ZAWADZKI SP. J.
0143,BORKOWSKA 1,LIDL SPÓŁKA Z O.O. SPÓŁKA KOMANDYTOWA
0144,BORKOWSKA 3,BACÓWKA TOWARY TRADYCYJNE SPÓŁKA Z O.O. SPÓŁKA KOMANDYTOWA
0145,BORKOWSKA 25/5,SIKORSKA MARTA
0146,BORKOWSKA 17B,FIRMA HANDLOWO-USŁUGOWA ŁUKASIK STANISŁAW ŁUKASIK SPÓŁKA JAWNA
0147,BORKOWSKA 3/LU5,KUBAREK RENATA
0148,BORSUCZA 12,DŻINN MARKET SPÓŁKA Z O.O. SPÓŁKA KOMANDYTOWA
0149,BORSUCZA 12,WCISŁO MONIKA
0150,BOSACKA 11,PIT STOP SPÓŁKA Z O.O.
0151,BOSACKA 18 lok. 1-KO 11,SWĘDRAK WOJCIECH
0152,BOSAKÓW 11,KALETA SPÓŁKA JAWNA
0153,BOSAKÓW 11,"PH-U ZACHĘTA ZBIGNIEW KALETA, ADAM KALETA SPÓŁKA JAWNA"
0154,BOSAKÓW 26,WALAS MAŁGORZATA
0155,BP. FILIPA PADNIEWSKIEGO 18/40,CZARNA IWONA
0156,BRACKA 7,RUCH SPÓŁKA AKCYJNA
0157,BRACKA 7,RUCH SPÓŁKA AKCYJNA
0158,BRACKA 4 III p,"SZTAJNER RENATA, NAWROCKI JAROSŁAW"
0159,BRATYSŁAWSKA 1,SHELL POLSKA SPÓŁKA Z O.O.
0160,BRATYSŁAWSKA 1,MAXIPIZZA SPÓŁKA AKCYJNA
0161,BRATYSŁAWSKA 4,KAUFLAND POLSKA MARKETY SPÓŁKA Z O.O. SPÓŁKA KOMANDYTOWA
0162,BROGI 32,KRAWCZYK BARBARA
0163,BROGI 9/13,MIROŃCZUK ROMAN
0164,BRONOWICKA 39,BRÓZDA RAFAŁ
0165,BRONOWICKA 58,"WODNICKA MARIA, WODNICKA-WARTNIK DOMINIKA, WODNICKI JÓZEF"
0166,BRONOWICKA 60,GŁOWACKA MAGDALENA
0167,BRONOWICKA 64,LEŚNIAK JERZY
0168,BRONOWICKA 73,HANDLOWA SPÓŁDZIELNIA JUBILAT
0169,BRONOWICKA 76/2,SWAJDO JADWIGA
0170,BRONOWICKA 10A,BATKO GRZEGORZ
0171,BRONOWICKA 42 lok U1 U2,"WIELECKA ALICJA, WIELECKI WIKTOR"
0172,BRZOZOWA 22,"DROŻDŻ DARIUSZ, SZULC KAMIL"
0173,BRZOZOWA 17/2,GĄSIOROWSKI JAN
0174,BULWAROWA 1,ARGE PALIWA SPÓŁKA Z O.O.
0175,BUŁGARSKA 15/LU4,SKOWRON ARTUR
0176,CECHOWA 2,LIDL SP. Z O.O. SP. K.
0177,CECHOWA 118,FIRMA HANDLOWA GRZYBEK-PL PAWICKI SPÓŁKA JAWNA
0178,CEGIELNIANA 2,LIDL SPÓŁKA Z OGRANICZONĄ ODPOWIEDZIALNOŚCIĄ SPÓŁKA KOMANDYTOWA
0179,CEGIELNIANA 20A,KOSIŃSKI WIESŁAW
0180,CEGLARSKA 15,"KUBIAK BARBARA, KUBIAK ROBERT"
0181,"CELAROWSKA 32 /U2,U3",BARAN MAŁGORZATA
0182,CENTRALNA 30,"ZELEK-MASTALERZ SABINA, ZELEK ROMAN"
0183,CENTRALNA 62,W&B COMPLEX WARZECHA BĘTKOWSKA SPÓŁKA JAWNA
0184,CENTRALNA 40A,GRUPA TOWER SPÓŁKA Z O.O.
0185,CENTRALNA 43B lok. U 1,GRUCHAŁA MATEUSZ
0186,CENTRUM C 4,SPOŁEM POWSZECHNA SPÓŁDZIELNIA SPOŻYWCÓW NOWA HUTA W KRAKOWIE
0187,CENTRUM C 1 LOK. U 5,GRUCHAŁA MATEUSZ
0188,CENTRUM C 6 lok. 002,WILTOS AGNIESZKA
0189,CENTRUM D 1/U3,LEWIATAN MARKET SPÓŁKA Z O.O.
0190,CENTRUM D 1A,CZABAŃSKA ANNA
0191,CENTRUM D 2/U8,WILTOS AGNIESZKA
0192,CENTRUM E 23,ZIELENIAK SEBASTIAN
0193,CHEŁMSKA 15,HANDLOWA SPÓŁDZIELNIA JUBILAT
0194,CHMIELENIEC 6/28,BIDAS ŁUKASZ
0195,CHMIELENIEC 2 LU 10,TOKARSKA AGNIESZKA
0196,CHRISTO BOTEWA 12,PASTELUS SPÓŁKA Z O.O.
0197,CIENISTA 59,PODGÓRSKA KATARZYNA
0198,CYPRIANA GODEBSKIEGO 5,WIATR KATARZYNA
0199,CYPRIANA GODEBSKIEGO 21,"MORAŃSKA AGATA, DYRLA BEATA"
0200,CYSTERSÓW 21,PETRODOM PALIWA SPÓŁKA Z O.O.
0201,CYSTERSÓW 26 C lok. U 1,KACZÓWKA RAFAŁ
0202,CZAPSKICH 1,NOGAJ PATRYK
0203,CZARNOGÓRSKA 3,PAWICKI PRZEMYSŁAW
0204,CZARNOWIEJSKA 1,ALKO EXPORT SP. Z O.O.
0205,CZARNOWIEJSKA 39,MEGANA SPÓŁKA Z O.O.
0206,CZARNOWIEJSKA 73,M.P. SZYMANOWICZ SPÓŁKA JAWNA
0207,CZARNOWIEJSKA 91B,SOWIŃSKI WOJCIECH
0208,CZERWONE MAKI 81,"MATAN PRZEMYSŁAW, MATAN WITOLD"
0209,CZERWONE MAKI 53 lok U1,API SPÓŁKA Z OGRANICZONĄ ODPOWIEDZIALNOŚCIĄ SPÓŁKA KOMANDYTOWA
0210,CZYSTA 3,OLSZAŃSKA DOROTA
0211,DAJWÓR 20 lok. LU 6,WINIARNIA SPÓŁKA Z O.O.
0212,DĄBROWA 1,STRYSZOWSKI ANDRZEJ
0213,DĄBSKA LO9,NOWAK PIOTR
0214,DĄBSKA 20A/1,KRZYCH HUBERT
0215,DĄBSKA 21B LOK. U1,KRZYSIEK KINGA
0216,DĘBNICKI 2,MUCHA MARIOLA
0217,DŁUGA 26,POPŁAWSKA SANDRA
0218,DŁUGA 27,SZLACHTA MICHAŁ
0219,DŁUGA 29,GREEK TRADE SPÓŁKA Z OGRANICZONĄ ODPOWIEDZIALNOŚCIĄ
0220,DŁUGA 33,WERBIŁOWICZ FILIP
0221,DŁUGA 51,JANIK JAN
0222,DŁUGA 58,KOCYK SPÓŁKA Z O.O. SP. KOMANDYTOWA
0223,DŁUGA 55 lok. U 1,RADASZKIEWICZ ELŻBIETA
0224,DŁUGA 55/1U,RADASZKIEWICZ ELŻBIETA
0225,DŁUGA 72/U8,WAGA DOROTA
0226,DŁUGA 116,"BARTOSZEWSKI MACIEJ, PEKSA PIOTR"
0227,DOBREGO PASTERZA 13,LABEL MARS SPÓŁKA JAWNA
0228,DOBREGO PASTERZA 67,TESCO POLSKA SP. Z O.O.
0229,DOBREGO PASTERZA 100,LEWIATAN MARKET SPÓŁKA Z O. O.
0230,DOBREGO PASTERZA 100,LEWIATAN MARKET SPÓŁKA Z OGRANICZONĄ ODPOWIEDZIALNOŚCIĄ
0231,DOBREGO PASTERZA 101 L1 i L2,PŁATEK SŁAWOMIR
0232,DOBREGO PASTERZA 120 lok. U3,BIENIAS GRZEGORZ
0233,DOBREGO PASTERZA 122A,JERONIMO MARTINS POLSKA SPÓŁKA AKCYJNA
0234,DOLNYCH MŁYNÓW 5,KEFIREK S.A.
0235,DOŻYNKOWA 11,WAŚKO GRZEGORZ
0236,DOŻYNKOWA 99,KOMANDYTOWA
0237,DR. JANA PILTZA 43 U VII,CYWIŃSKA-STREJCZEK MARTA
0238,DR. JANA PILTZA 43/6U,ZAGDASKI KONRAD
0239,DR. JÓZEFA BABIŃSKIEGO 69,TESCO POLSKA SPÓŁKA Z O. O.
0240,DROŻYSKA 17,MARS PAWEŁ
0241,DRUKARSKA 2,JERONIMO MARTINS POLSKA S.A.
0242,"DRUKARSKA 1/U1,U2,U3",KOMADOWSKA JUSTYNA
0243,DUŻA GÓRA 1,"WĄTROBA BARBARA, WĄTROBA MARIAN"
0244,DWORCOWA 6,MURDZA DANUTA
0245,DWORCOWA 10,SZULC MAŁGORZATA
0246,DWORCOWA 12,KALETA SPÓŁKA JAWNA
0247,DWORCOWA 10C,JUCHA ANDRZEJ
0248,DWORCOWA 6B,JUCHA ANDRZEJ
0249,DWORSKA 1C lok.2,APRYAS MONIKA
0250,DYWIZJONU 303 69,PIĄTEK JAROSŁAW
0251,DYWIZJONU 303 76,BIELAK IWONA
0252,DYWIZJONU 303 paw.1,WIELECKA ALICJA
0253,EDWARDA DEMBOWSKIEGO 9,PODWAWELSKA SPÓŁDZIELNIA SPOŻYWCÓW
0254,EDWARDA HEILA 6,MALARA MAGDALENA
0255,ELIASZA RADZIKOWSKIEGO 138-140,FIRMAHANDLOWO-USŁUGOWA ŁUKASIK STANISŁAW ŁUKASIK SPÓŁKA JAWNA
0256,RADZIKOWSKIEGO 104/LU 2,ZAPIÓR IWONA
0257,ELŻBIETY DRUŻBACKIEJ 59,ADAMCZAK MAŁGORZATA
0258,ERAZMA JERZMANOWSKIEGO 38,MILA SPÓŁKA AKCYJNA
0259,ERAZMA JERZMANOWSKIEGO 39,POLSKI KONCERN NAFTOWY ORLEN SPÓLKA AKCYJNA
0260,ERAZMA JERZMANOWSKIEGO 12A,JERONIMO MARTINS POLSKA SPÓŁKA AKCYJNA
0261,ERAZMA JERZMANOWSKIEGO 44A,DZIEDZIC WOJCIECH
0262,ESTERY 5,"ALCHEMIA WITYŃSKI, ŻAKOWSKI SPÓŁKA JAWNA"
0263,ESTOŃSKA 14,GARA PAWEŁ
0264,FIOŁKOWA 4/167,PIETRZYK DOROTA
0265,FLORIAŃSKA 13,"STROJEK URSZULA, STROJEK ANDRZEJ"
0266,FLORIAŃSKA 23,MW  SPÓŁKA Z OGRANICZONĄ ODPOWIEDZIALNOŚCIĄ SPÓŁKA KOMANDYTOWA
0267,FLORIAŃSKA 29,"DROŻDŻ DARIUSZ, SZULC KAMIL"
0268,FLORIAŃSKA 51,"SOBALA JAGNA, SOBALA KRZYSZTOF, SOBALA WITOLD"
0269,FORTECZNA 51,BOBEK ROBERT
0270,FRANCISZKA BUJAKA 3,SEMPIAK NATALIA
0271,FRANCISZKA BUJAKA 12 lok. 1,SEMPIAK NATALIA
0272,FRANCISZKA BUJAKA 12/95,KNET STANISŁAW
0273,FRANCISZKA KNIAŹNINA 1,JERONIMO MARTINS POLSKA S.A.
0274,GARBARSKA 4,ŻAK KATARZYNA
0275,GARNCARSKA 1,OLSZAŃSKA DOROTA
0276,GDAŃSKA 12,ALTI PLUS SPÓŁKA AKCYJNA
0277,MADALIŃSKIEGO 3,BOBEK ROBERT
0278,MADALIŃSKIEGO 8,MLECZRSKA SPÓŁDZIELNIA PRACY WIDOK
0279,MADALIŃSKIEGO 19,KOCYK SPÓŁKA Z O.O. SPÓŁKA KOMANDYTOWA
0280,"GEN. AUGUSTA FIELDORFA-NILA 10/U60,U61",WÓJCIK TERESA
0281,GEN. AUGUSTA FIELDORFA-NILA 7 LU 1,VIKA SPÓŁKA Z O.O.
0282,GEN. HENRYKA KAMIEŃSKIEGO 11,AUCHAN POLSKA SP.Z O.O.
0283,GEN. HENRYKA KAMIEŃSKIEGO 43,JERONIMO MARTINS POLSKA SPÓŁKA AKCYJNA
0284,GEN. HENRYKA KAMIEŃSKIEGO 57,PERNET JACEK
0285,GEN. HENRYKA KAMIEŃSKIEGO 1D,KUSZA ANNA
0286,GEN. IGNACEGO PRĄDZYŃSKIEGO 16,MEGANA SPÓŁKA Z O.O.
0287,GEN. JÓZEFA SUŁKOWSKIEGO 7,KAZIMIERZ JEZIORSKI
0288,GEN. LEOPOLDA OKULICKIEGO 51/1,JERONIMO MARTINS POLSKA SPÓŁKA AKCYJNA
0289,GEN. LEOPOLDA OKULICKIEGO 51 lok. 287,KULA AGNIESZKA
0290,TOKARZEWSKIEGO 34,SADOWSKA BEATA
0291,GEN. ROMANA SOŁTYKA 6,KMIOTEK JAN
0292,ROWECKIEGO 5,SWĘDRAK WOJCIECH
0293,ROWECKIEGO 33,BILMEX-TANK SPÓŁKA Z O.O. SPÓŁKA KOMANDYTOWA
0294,GEN. STEFANA GROTA- DZIAŁKA NR,
0295,ROWECKIEGO 40/15 OBR. 34,SZWED TOMASZ
0296,KOMOROWSKIEGO 4,PERNET JACEK
0297,KOMOROWSKIEGO 39,BP EUROPA SE SPÓŁKA EUROPEJSKA ODDZIAŁ W POLSCE
0298,KOMOROWSKIEGO 41,PROMOTORZY TRADING SPÓŁKA Z O.O. SP. KOMANDYTOWA
0299,KOMOROWSKIEGO 41,PIOTR I PAWEŁ DETAL SPÓŁKA Z O.O.
0300,GEN. TADEUSZA KOŚCIUSZKI 19,"KOWALCZYK RYSZARD, KOJS MAŁGORZATA"
0301,GEN. TADEUSZA KOŚCIUSZKI 71,KEFIREK SPÓŁKA AKCYJNA
0302,GEN. TADEUSZA KOŚCIUSZKI 73,KOCYK SPÓŁKA Z O.O. SP. KOMANDYTOWA
0303,GEN. TADEUSZA KOŚCIUSZKI 42/2,GRODOWCZYK AGNIESZKA
0304,GEN. TADEUSZA KOŚCIUSZKI 75/2,GRODOWCZYK AGNIESZKA
0305,NILA 17/JU4,WÓJCIK TERESA
0306,GĘSIA 8,PAUK MARTA
0307,GLINIANA 15,BIENIAS GRZEGORZ
0308,GLINIK 43,BRANDOS PIOTR
0309,GLINIK 46,"PYTEL CECYLIA, KLUZOWICZ PIOTR"
0310,GLINIK 73A,SADOWSKA BEATA
0311,GŁÓWNY 18,"WIĘCŁAW BOŻENA, WOŁEK PAULINA"
0312,GŁÓWNY 34,JERONIMO MARTINS POLSKA SPÓŁKA AKCYJNA
0313,GŁÓWNY 7/6,FIGA KLEMENTOWSKI I WSPÓLNICY SP. J.
0314,GNIEŹNIEŃSKA 2,OPACH KATARZYNA
0315,GOLIKÓWKA 45,3LINE.PL SPÓŁKA Z OGRANICZONĄ ODPOWIEDZIALNOŚCIĄ
0316,GOŁAŚKA 1 C,KOZERA - PROSTAK MONIKA
0317,GOŁAŚKA 1C,KOZERA-PROSTAK MONIKA
0318,GOŁAŚKA 1D,"GOŁĘBIOWSKA AGNIESZKA, GOŁĘBIOWSKI PAWEŁ"
0319,GÓRALI 6,"BRALA IZABELA, BRELA MARCIN, BRELA KRZYSZTOF"
0320,GÓRNIKÓW 3,GAMAT SPÓŁKA Z O.O.
0321,GRAŻYNY 4,JERONIMO MARTINS POLSKA SPÓŁKA AKCYJNA
0322,GRĘBAŁOWSKA 1,PIASECZNY RAFAŁ
0323,GRĘBAŁOWSKA 41,DOROZ PAWEŁ
0324,GROCHOWA 20,ROBAK ZYGMUNT
0325,GROCHOWSKA 22A,KALETA SPÓŁKA JAWNA
0326,GRODZKA 13,KRAJANOWSKA HELENA
0327,GRODZKA 18,CIAPAŁA EWELINA
0328,GRODZKA 20,KOC ANDRZEJ
0329,GRODZKA 34,REIZER AGNIESZKA
0330,GRODZKA 46,KEFIREK S.A.
0331,GRODZKA 59,BUL HERBERT
0332,GRUNWALDZKA 17,SNAKOWSKI TOMASZ
0333,GRZEGORZA KORZENIAKA 3 i 5,MATYSIK RAFAŁ
0334,GRZEGÓRZECKA 8,MAŁPKA SPÓŁKA AKCYJNA W RESTRUKTURYZACJI
0335,GRZEGÓRZECKA 12/1,MICEK  BEATA
0336,GRZEGÓRZECKA 67 lok. LU -1,TOCHO SPÓŁKA Z O.O.
0337,GRZEGÓRZECKA 67/LU2,PIWOWARCZYK KATARZYNA
0338,GRZEGÓRZECKA 67C/U 5,KULA MAGDALENA
0339,GRZEGÓRZECKA 73 lok. U 1,ŚWIATŁOŃ DAMIAN
0340,GRZEGÓRZECKA 77AlokU1,"SPOŁEM POWSZECHNA SPÓŁDZIELNIA SPOŻYWCÓW ""NOWA HUTA"" W KRAKOWIE"
0341,GUSTAWA MORCINKA 13,KUŚNIERZ RENATA
0342,HELENY 18,JERONIMO MARTINS POLSKA S.A.
0343,HELENY 18,JERONIMO MARTINS POLSKA SPÓŁKA AKCYJNA
0344,HENRYKA NIEWODNICZAŃSKIEGO 75,"SZULC KAMIL, DROŻDŻ DARIUSZ"
0345,HENRYKA NIEWODNICZAŃSKIEGO 102,KASPRZYK WOJCIECH
0346,HENRYKA PACHOŃSKIEGO 8,GŁUSZKIEWICZ MARCIN
0347,HENRYKA PACHOŃSKIEGO 8,JERONIMO MARTINS POLSKA SPÓŁKA AKCYJNA
0348,HENRYKA PACHOŃSKIEGO 9,IMPACT SOLUTIONS SPÓŁKA Z OGRANICZONĄ ODPOWIEDZIALNOŚCIĄ
0349,HENRYKA PACHOŃSKIEGO 5B,LIDL SPÓŁKA Z O.O. SPÓŁKA KOMANDYTOWA
0350,HENRYKA PACHOŃSKIEGO 8A,ZEMAN JOANNA
0351,HENRYKA SIEMIRADZKIEGO 2,LEMA SPÓŁKA Z O.O.
0352,HENRYKA SIEMIRADZKIEGO 18A,PAJĄK PAWEŁ
0353,HUTNICZE 1,ODPOWIEZIALNOŚCIĄ
0354,HUTNICZE 2/U3,MUSIAŁ TOMASZ
0355,IGNACEGO DASZYŃSKIEGO 3,PODWAWELSKA SPÓŁDZIELNIA SPOŻYWCÓW
0356,IGNACEGO DASZYŃSKIEGO 3,PODWAWELSKA SPÓŁDZIELNIA SPOZYWCÓW
0357,IGNACEGO DASZYŃSKIEGO 33,POLSKI KONCERN NAFTOWY ORLEN SPÓŁKA AKCYJNA
0358,IGNACEGO KRASICKIEGO 30/79,"WIELECKA ALICJA, WIELECKI MATEUSZ"
0359,IGNACEGO KRASICKIEGO 30/79,"WIELECKA ALICJA, WIELECKI MATEUSZ"
0360,IGOŁOMSKA 24,MARCZAK MAREK
0361,IGOŁOMSKA 34,KACZMARCZYK HANKA
0362,IGOŁOMSKA 29 B,NATANEK NOVA SPÓŁKA ZO.O. SP. K.
0363,IGOŁOMSKA 30L,LEMAR R.L.E. LEŚNIAK SPÓŁKA JAWNA
0364,IGOŁOMSKA 34K,SHELL POLSKA SPÓŁKA Z O.O.
0365,IMBRAMOWSKA 34,WOJDYGA AGNIESZKA
0366,IMBRAMOWSKI 179 lok. 100,PIELA-DYDUCH ANNA
0367,IMBRAMOWSKI paw. 87,WITEK LESZEK
0368,ISEP 9,LOBO SPÓŁKA Z OGRANICZONĄ ODPOWIEDZIALNOŚCIĄ
0369,ISEP 9,LOBO SPÓŁKA Z OGRANICZONĄ ODPOWIEDZIALNOŚCIĄ
0370,IVO ANDRICIA 21 LU 2,CABAJEWSKA SYLWIA
0371,JADWIGI MAJÓWNY 13,LEŚNIAK MAŁGORZTA
0372,JAGIELLOŃSKIE 19,JERONIMO MARTINS DYSTRYBUCJA
0373,JAGIELLOŃSKIE 20,JERONIMO MARTINS POLSKA SPÓŁKA AKCYJNA
0374,JAGIELLOŃSKIE 30A,KRZAN AGNIESZKA
0375,JAGODOWA k.bl.nr 17,ENGLERT ANNA
0376,JAKUBA BOJKI 4,KRZCIUK AGNIESZKA
0377,JAKUBA MAJORA 5B/LU1,RAŹNA BEATA
0378,JANA BROŻKA 404/3 k.bl.24,OLECHOWSKI PAWEŁ
0379,JANA DEKERTA 5,"WOJDYGA TOMASZ, KWAŚNIEWSKA EWA"
0380,JANA DEKERTA 47,GM KRAFT SPÓŁKA Z OGRANICZONĄ ODPOWIEDZIALNOŚCIĄ
0381,JANA DŁUGOSZA 8,NAREWSKI MATEUSZ
0382,JANA DŁUGOSZA 2 LU 003,ZIELIŃSKA NATALIA
0383,JANA JANOWSKIEGO 124A,ZIELENIAK SEBASTIAN
0384,JANA KANTEGO PRZYZBY 1 lok. 3,WAFIN RASZID
0385,JANA KURCZABA 3,AD-SYSTEM SPÓŁKA Z O.O.
0386,JANA KURCZABA 3,"BARTOSZEWSKI MACIEJ, PEKSA PIOTR"
0387,JANA KURCZABA 31,NOWICKA ANGELINA
0388,JANA PAWŁA II 186,SHELL POLSKA SP. Z O.O.
0389,JANA PAWŁA II 31 lok. U 3,PIEGDOŃ RENATA
0390,JANA SAS-ZUBRZYCKIEGO 5,"KUŹMIK EWA, KUŹMIK ADRIAN"
0391,JANA SZWAI 16/U10,DZIMIŃSKI ŁUKASZ
0392,JANUSZA MEISSNERA 19,BIENIAS GRZEGORZ
0393,JANUSZA MEISSNERA 30,PODWAWELSKA SPÓŁDZIELNIA SPOŻYWCÓW
0394,JASNOGÓRSKA 2,MAKRO CASH AND CARRY POLSKA SPÓŁKA AKCYJNA
0395,JASNOGÓRSKA 2B,POLSKI KONCERN NAFRTOWY ORLEN SPÓŁKA AKCYJNA
0396,JERZEGO BAJANA 8,KALETA SPÓŁKA JAWNA
0397,JERZEGO KURYŁOWICZA 27,ADAMCZAK MAŁGORZATA
0398,JERZEGO ŻUŁAWSKIEGO 1,LEMA SPÓŁKA Z O.O.
0399,JEZIORKO 23,RZEPIEŃ LESZEK
0400,JOSEPHA CONRADA 36,SHELL POLSKA SPÓŁKA Z O.O.
0401,JOSEPHA CONRADA 66,IKEA RETALIL SPÓŁKA Z O.O.
0402,JOSEPHA CONRADA 79,AMVITA  SPÓŁKA Z O.O. SPÓŁKA KOMANDYTOWO-AKCYJNA
0403,JOSEPHA CONRADA 79,LIDL SPÓŁKA Z O.O. SP. K.
0404,JOSEPHA CONRADA 81,BP EUROPA SE SPÓŁKA EUROPEJSKA ODDZIAŁ W POLSCE
0405,JÓZEFA BRODOWICZA 16,KULA AGNIESZKA
0406,JÓZEFA BRODOWICZA 5B,PODWAWELSKA SPÓŁDZIELNIA SPOŻYWCÓW
0407,JÓZEFA CHEŁMOŃSKIEGO 35,RUCH SPÓŁKA AKCYJNA
0408,JÓZEFA CHEŁMOŃSKIEGO 104,PAUK MARTA
0409,JÓZEFA CHEŁMOŃSKIEGO 118,DWORZAK PATRYCJA
0410,JÓZEFA CHEŁMOŃSKIEGO 118,DWORZAK PATRYCJA
0411,JÓZEFA DIETLA 40,PIT STOP SPÓŁKA Z O. O.
0412,JÓZEFA DIETLA 43,KLIMCZAK IRENA
0413,JÓZEFA DIETLA 44,MEGANA SPÓŁKA Z O.O.
0414,JÓZEFA DIETLA 93,SZULC MAŁGORZATA
0415,JÓZEFA DIETLA 97,CUPAŁ AGNIESZKA
0416,JÓZEFA FRIEDLEINA 1,MEGANA SPÓŁKA Z O.O.
0417,KRASZEWSKIEGO 19,"STEFAŃSKI ANDRZEJ, STEFAŃSKI ZBIGNIEW"
0418,JÓZEFA ŁEPKOWSKIEGO 3,JERONIMO MARTINS POLSKA SPÓŁKA AKCYJNA
0419,JÓZEFA MACKIEWICZA 17,AUCHAN POLSKA SPÓŁKA Z OGRANICZONĄ ODPOWIEDZIALNOŚCIĄ
0420,JÓZEFA MACKIEWICZA 17A,VIENNA G.R. SPÓŁKA Z O.O.
0421,JÓZEFA MACKIEWICZA 17A,BATKO ROBERT
0422,JÓZEFA MEHOFFERA 4A,WERNER DOROTA
0423,JÓZEFA NARZYMSKIEGO 1,SZUBA-RÓŻANKOWSKA SYLWIA
0424,JÓZEFA NARZYMSKIEGO 9,MD SPÓŁKA Z O.O.
0425,JÓZEFA SAREGO 10,"FILEWICZ KATARZYNA, FILEWICZ KAROLINA"
0426,JÓZEFA SAREGO 28,PIT STOP SPÓŁKA Z O.O.
0427,JÓZEFA SAWY-CALIŃSKIEGO 53,MARS EDWARDA
0428,JÓZEFA SAWY-CALIŃSKIEGO 32A,"PALUCH ZOFIA, PALUCH ZBIGNIEW"
0429,JÓZEFA STRUSIA 6,"MYŚKÓW ANETA, MYŚKÓW PAWEŁ"
0430,JÓZEFA STRUSIA 7,CZERWONKA ANDRZEJ
0431,JÓZEFA STRUSIA 18,RUSINIAK ROBERT
0432,JÓZEFA STRUSIA 21,LIDL SPÓŁKA Z O.O. SPÓŁKA KOMANDYTOWA
0433,JÓZEFA STRUSIA 23,JERONIMO MARTINS POLSKA SPÓŁKA AKCYJNA
0434,JÓZEFA STRUSIA 24,POLSKI KONCERN NAFTOWY ORLEN SPÓŁKA AKCYJNA
0435,JÓZEFA WYBICKIEGO 10,TESCO (POLSKA) SPÓŁKA Z O.O.
0436,JÓZEFA WYBICKIEGO 18,JERONIMO MARTINS POLSKA SPÓŁKA AKCYJNA
0437,JÓZEFA WYBICKIEGO 54,WEPO SPÓŁKA Z O.O.
0438,JÓZEFA WYBICKIEGO 8/1,"KLIMCZAK KRZYSZTOF, WOJCIECH MOLO"
0439,JÓZEFA WYBICKIEGO 3E,POLSKI KONCERN NAFTOWY ORLEN SPÓŁKA AKCYJNA
0440,JULIANA DUNAJEWSKIEGO 1/LU1,CIAPAŁA EWELINA
0441,JULIANA URSYNA NIEMCEWICZA 4,JERONIMO MARTINS POLSKA SPÓŁKA AKCYJNA
0442,JULIANA URSYNA NIEMCEWICZA 4,JERONIMO MARTINS POLSKA SPÓŁKA AKCYJNA
0443,JULIUSZA LEA 26,SWAJDO PAWEŁ
0444,JULIUSZA LEA 53,"""CARREFOUR POLSKA"" SPÓŁKA Z OGRANICZONĄ ODPOWIEDZIALNOŚCIĄ"
0445,JULIUSZA LEA 86,"OBRĘBSKA ALINA, OBRĘBSKI ŁUKASZ"
0446,JULIUSZA LEA 11B,SZYMAŃSKA AGNIESZKA
0447,JULIUSZA LEA 12B LOK.LU1/1,GRUDZIŃSKA KATARZYNA
0448,JULIUSZA LEA 20B,GRUDZIŃSKA KATARZYNA
0449,JULIUSZA LEA 5 lok. 1,POZNAŃSKA EWA
0450,JULIUSZA LEA 90A,BIGOSZ - LASSOTA EWA
0451,JULIUSZA LEA 99 lok. 3,GRUDZIŃSKA KATARZYNA
0452,KALINOWE 4,"GOŁĘBIOWSKI PAWEŁ, OSTAFIN ROBERT"
0453,KALWARYJSKA 1,GRZESIAK WOJCIECH
0454,KALWARYJSKA 16,"SZULC KAMIL, DROŻDŻ DARIUSZ"
0455,KALWARYJSKA 24,GRUPA AMEX SPÓŁKA Z OGRANICZONĄ ODPOWIEDZIALNOŚCIĄ
0456,KALWARYJSKA 48,HRENCZAREK MARIUSZ
0457,KALWARYJSKA 88,ZIELIŃSKA NATALIA
0458,KALWARYJSKA 41/1,BARTELA JADWIGA
0459,KALWARYJSKA 5/10,ŁOZIŃSKI DOMINIK
0460,KALWARYJSKA 17/LU1,ZIELIŃSKA NATALIA
0461,"KALWARYJSKA U4, U5",KUSAK RAFAŁ
0462,KAMEDULSKA 18,KŁAPUT MAGDALENA
0463,KAMIENIECKA 16,MEGANA SPÓŁKA Z O.O.
0464,KAMIENNA 18,POLSKI KONCERN NAFTOWY ORLEN SPÓŁKA AKCYJNA
0465,KAPELANKA 2,BP EUROPA SESPÓŁKA EUROPEJSKA ODDZIAŁ W POLSCE
0466,KAPELANKA 11,STAWIARSKA ANNA
0467,KAPELANKA 14,LOTOS PALIWA SPÓŁKA Z O.O.
0468,KAPELANKA 30,KRAK-TAR SPÓŁKA Z O.O.
0469,KAPELANKA 42,TESCO (POLSKA) SPÓŁKA Z O.O.
0470,KAPELANKA 54,TESCO (POLSKA) SP. Z O.O.
0471,KAPELANKA 15 D,CZERNY MARZENA
0472,KAPELANKA 15B,"STANOWSKI PAWEŁ, ROZKOSZ PIOTR"
0473,KAPELANKA 15D,CZERNY MARZENA
0474,KAPELANKA 6 A/17 U,TURKANIK-WÓJTOWICZ ANNA
0475,KARMELICKA 11,CIAPAŁA EWELINA
0476,KARMELICKA 12,RASHED NABEEL
0477,KARMELICKA 27,SŁONECZNY KREDENS SPÓŁKA Z O. O. SPÓŁKA KOMANDYTOWA
0478,KARMELICKA 42,KOCYK SPÓŁKA ZO.O. SP. KOMANDYTOWA
0479,KARMELICKA 47,KEFIREK S.A.
0480,KARMELICKA 51,SYGA TOMASZ
0481,KARMELICKA 57,DĄBROWSKI ADAM
0482,KARMELICKA 70,RUSIECKI WOJCIECH
0483,KARMELICKA 64/2,GRZYBOWSKI KRZYSZTOF
0484,KARMELICKA 43/43A,HILDEGARDA SPÓŁKA Z O.O.
0485,"KARMELICKA 62/LUA,LUB",PIT STOP SPÓŁKA ZO.O.
0486,KARMELICKA 62/LUA.LUB,PIT STOP SPÓŁKA Z O.O.
0487,KAROLA BUNSCHA 68,LEMAR R.L.E LEŚNIAK SPÓŁKA JAWNA
0488,KAROLA ŁOWIŃSKIEGO 18,ROGÓŻ JÓZEF
0489,KAWIORY 2,MACIAŚ IZA
0490,KAWIORY 20,KACZOROWSKI ANDRZEJ
0491,KAWIORY 31,MW SPÓŁKA Z OGRANICZONĄ ODPOWIEDZIALNOŚCIĄ SPÓŁKA KOMANDYTOWA
0492,KAZIMIERZA BRODZIŃSKIEGO 1,WOŹNIAK BARBARA
0493,KAZIMIERZA KORDYLEWSKIEGO 5a/2,"SE-KO SEBASTIAN ZIELENIAK, KONRAD ZIELENIAK SPÓŁKA JAWNA"
0494,KAZIMIERZA MORAWSKIEGO 5,KOCYK SPÓŁKA Z O.O. SPÓŁKA KOMANDYTOWA
0495,KAZIMIERZA PUŻAKA 27,PAŁOSZ WOJCIECH
0496,KAZIMIERZA WIELKIEGO 1,"OBRĘBSKA ALINA, OBRĘBSKI ŁUKASZ"
0497,KAZIMIERZA WIELKIEGO 22,KACZMAREK GRAŻYNA
0498,KAZIMIERZA WIELKIEGO 34,LAL KATARZYNA
0499,KAZIMIERZA WIELKIEGO 43,ORGANIC FARMA ZDROWIA SPÓŁKA AKCYJNA
0500,KAZIMIERZA WIELKIEGO 61,GĄSIOREK TOMASZ
0501,KAZIMIERZA WIELKIEGO 117,MEGANA SPÓŁKA Z O.O.
0502,KAZIMIERZA WIELKIEGO 121,POLSKI KONCERN NAFTOWY ORLEN SPÓŁKA AKCYJNA
0503,KAZIMIERZA WIELKIEGO 140 lok. LU 2,KOWAL JAGODA
0504,KAZIMIERZA WIELKIEGO 82A,SZCZYPCZYK BARBARA
0505,KAZIMIERZOWSKIE 30,STĘPIEŃ ANDRZEJ
0506,KAZIMIERZOWSKIE 30,"SG TRADE RYSZARD GACEK, TOMASZ SAMBORSKI SPÓŁKA JAWNA"
0507,KAZIMIERZOWSKIE 38,KOTECKA EMILIA
0508,KĄCIK 3,USTRZYCKA KAMILA
0509,KĄCIK 13,KALETA SPÓŁKA JAWNA
0510,KĄKOLOWA 15A,PODGÓRSKA KATARZYNA
0511,KĄPIELOWA 75,"SZNAPKA-STYLO MAŁGORZATA, SZNAPKA MAREK"
0512,KIJOWSKA 12,FIRAM HANDLOWA EWA WĄCŁAWSKA MAREK WĄCŁAWSKI SPÓŁKA JAWNA
0513,KLASZTORNA 23,SPOŁEM POWSZECHNA SPÓŁDZIELNIA SPOZYWCÓW NOWA HUTA W KRAKOWIE
0514,KLASZTORNA 2A,SCHWENK LESŁAW
0515,KLEPARSKI 5,MEGANA SP. Z O.O.
0516,KLUCZBORSKA 48/2U,KOWALSKA DOROTA
0517,KŁUSZYŃSKA 14,"GAJNIAK BARBARA, GAJNIAK SŁAWONIR"
0518,KOBIERZYŃSKA 42,DNS SPÓŁKA Z O.O.
0519,KOBIERZYŃSKA 73,ZAPAŁ ZBIGNIEW
0520,KOBIERZYŃSKA 93,FAVORIT DULIŃSCY SPÓŁKA JAWNA
0521,KOBIERZYŃSKA 106,LIDL SPÓŁKA Z O.O. SPÓŁKA KOMANDYTOWA
0522,KOBIERZYŃSKA 123,FIRMA HANDLOWO-USŁUGOWA ŁUKASIK STANISŁAW ŁUKASIK SPÓŁKA JAWNA
0523,KOBIERZYŃSKA 220,ANTOS WIOLETTA
0524,KOBIERZYŃSKA 112 B,SZWED TOMASZ
0525,KOBIERZYŃSKA 112B,SZWED TOMASZ
0526,KOBIERZYŃSKA 123A,SURMACZ STANISŁAWA
0527,KOBIERZYŃSKA 165/L1,CIESIELKA JACEK
0528,KOBIERZYŃSKA 54A,DĄBROWSKI ADAM
0529,KOBIERZYŃSKA 61A,"STANEK DANIEL, BUCZAK-STANEK KATARZYNA"
0530,KOBIERZYŃSKA 61A,"STANEK MARGARETA, STANEK MARZENA, STANEK ROBERT"
0531,KOBIERZYŃSKA 62A,"GODULA-ŁUSZCZEK RENATA, ŁUSZCZEK LUKASZ"
0532,KOCMYRZOWSKA 14,MUCHA MAREK
0533,KOCMYRZOWSKA 43,"CISZEWSKI PRZEMYSŁAW, CISZEWSKI CZESŁAW, CISZEWSKI ADAM"
0534,KOCMYRZOWSKA 2B,LIDL SP. Z O.O. SP. KOMANDYTOWA
0535,KOLOROWE 10,KALETA SPÓŁKA JAWNA
0536,KOLOROWE 10A,POLSKI KONCERN NAFTOWY ORLEN SPÓŁKA AKCYJNA
0537,KOLOROWE 16A,JERONIMO MARTINS POLSKA SPÓŁKA AKCYJNA
0538,KOLOROWE 16B,DRĄG MARCIN
0539,KOŁODZIEJSKA 8,MURZYN CZESŁAWA
0540,KOMANDOSÓW 1,POZNAŃSKA-CHLEBDA KAZIMIERA
0541,KOMANDOSÓW 8,MILA SPÓŁKA AKCYJNA
0542,KOMANDOSÓW 21,SUŁKOWSKA ANNA
0543,KOMBATANTÓW 9,"P.H.U. ZACHĘTA Z. KALETA, A.KALETA SPÓŁKA JAWNA"
0544,KOMBATANTÓW 14,ODPOWIEDZIALNOŚCIĄ SPÓŁKA JAWNA)
0545,KOMBATANTÓW 20,LOTOS PALIWA SPÓŁKA Z OGRANICZONĄ ODPOWIEDZIALNOŚCIĄ
0546,KOMBATANTÓW 7A,MUSIAŁ ADAM
0547,KOMUNY PARYSKIEJ 1A,STOKROTKA SPÓŁKA Z O.O.
0548,KONOPCZYŃSKIEGO 16/LU 1,ŚLAZYK ZOFIA
0549,KONSTANTEGO BRANDLA 3,ZACHARSKI JACEK
0550,GAŁCZYŃSKIEGO 34,MIECHOWICZ DAGMARA
0551,KORDIANA 10,"KLIMCZAK  KRZYSZTOF, MOLO WOJCIECH"
0552,KORDIANA 64C,"INIS PRZEMYSŁAW WRÓBEL,SABINA WRÓBEL SPÓŁKA JAWNA"
0553,KORNELA MAKUSZYŃSKIEGO 15,KUCHARSKA RENATA
0554,KORNELA MAKUSZYŃSKIEGO 17,FIRMA HANDLOWA SIENCZYŁO SPÓŁKA JAWNA
0555,KORNELA MAKUSZYŃSKIEGO 26,ESSON SPÓŁKA Z OGRANICZONĄ ODPOWIEDZIALNOŚCIĄ
0556,KORNELA MAKUSZYŃSKIEGO 22A,"MUSIAŁ ADAM, ZIELENIAK SEBASTIAN"
0557,KORNELA MAKUSZYŃSKIEGO 4A,TWIGG SPÓŁKA Z O.O.
0558,KOSZYKARSKA 27A,SKLEP WIELOBRANŻOWY KORAL A.Z. KALETA SPÓŁKA JAWNA
0559,KOSZYKARSKA 31A/B/1,GAMRAT PAULINA
0560,KOŚCIUSZKOWCÓW 3A,"LELIWA- PRUSZAK RENATA, LELIWA - PRUSZAK ANDRZEJ"
0561,KOŚCIUSZKOWSKIE 5,"DOKTOR NO MACIEJ JOJCZYK, RAFAŁ NOGA SPÓŁKA JAWNA"
0562,KOŚCIUSZKOWSKIE 5,SPOŁEM POWSZECHNA SPÓŁDZIELNIA SPOŻYWCÓW NOWA HUTA W KRAKOWIE
0563,KOŚCIUSZKOWSKIE 6A,ZIMNY ZBIGNIEW
0564,KRAKOWSKA 23,KEFIREK SPÓŁKA AKCYJNA
0565,KRAKOWSKA 24,FURLAGA MARIUSZ
0566,KRAKOWSKA 26,POLSKA DOBROSŁAWA
0567,KRAKOWSKA 27,"CZEPIEC- GOLAŃSKA PATRYCJA, GOSTYLLA ELŻBIETA"
0568,KRAKOWSKA 29,BENEDICTUS MEMES SP. Z O.O.
0569,KRAKOWSKA 31,ŚWIATŁOŃ JAN
0570,KRAKOWSKA 39,"DROŻDŻ DARIUSZ, SZULC KAMIL"
0571,KRAKOWSKA 44 lok. U1,NOWORYTA MAŁGORZATA
0572,KRAKOWSKA 7 lok. 2,"SZULC KAMIL, DROŻDŻ DARIUSZ"
0573,KROWODERSKA 23,KULA AGNIESZKA
0574,KROWODERSKA 59,ZIEMBICKI ZYGMUNT
0575,KROWODERSKA 75,LEMA SP. Z O.O.
0576,KROWODERSKA 37/3,"TOCZEK ROBERT, SAŁAPA PAWEŁ"
0577,KROWODERSKICH ZUCHÓW 18,"BOBEK ROBERT, BOBEK JOLANTA"
0578,KROWODERSKICH ZUCHÓW 22,AD SYSTEM SP. Z O.O.
0579,KROWODERSKICH ZUCHÓW 15C,"DOKTOR NO MACIEJ JOJCZYK, RAFAŁ NOGA SPÓŁKA JAWNA"
0580,KROWODERSKICH ZUCHÓW 17A,"DOMAGAŁA BOGDAN, GRZYWA JANUSZ"
0581,KROWODERSKICH ZUCHÓW 21B,KOWALSKA DOROTA
0582,KRÓLEWSKA 49,HEAN DELIKATES KRÓLEWSKI MARIA KUŚNIERZ S. J.
0583,KRÓLEWSKA 52,KALETA SPÓŁKA JAWNA
0584,KRÓLEWSKA 57,POPŁAWSKA SANDRA
0585,KRÓLEWSKA 92,MARCINKOWSKI LECH
0586,KRÓLEWSKA 82 LU 1,SAPIECHA KRYSTYNA
0587,KRÓLOWEJ JADWIGI 5,ALKO TIME SP. Z O.O.
0588,KRÓLOWEJ JADWIGI 77,"DOLAŚ JANINA, KASZA PRZEMYSŁAW"
0589,KRÓLOWEJ JADWIGI 130,OZIĘBŁO MAREK
0590,KRÓLOWEJ JADWIGI 130,OZIĘBŁO MAREK
0591,KRÓLOWEJ JADWIGI 135,ZIĘBA JACEK
0592,KRÓLOWEJ JADWIGI 206,SPÓŁKA JAWNA CITY MARKET ADAM CZEKAJEWSKI I IINI
0593,KRÓLOWEJ JADWIGI 238,KOC ANDRZEJ
0594,KRÓLOWEJ JADWIGI 242,KOC ANDRZEJ
0595,KRÓLOWEJ JADWIGI 248,DROHOMIRECKA ZOFIA
0596,KRÓLOWEJ JADWIGI 248,BACÓWKA TOWARY TRADYCYJNE SPÓŁKA Z O.O. SPÓŁKA KOMANDYTOWA
0597,KRÓLOWEJ JADWIGI 120 LU 3,SZELĄG AGNIESZKA
0598,KRÓLOWEJ JADWIGI 146A,DOBRE WINA SPÓŁKA Z O.O.
0599,KRUPNICZA 8,SIERANT LESZEK
0600,KRUPNICZA 14,FLOMARO SPÓŁKA Z OGRANICZONĄ ODPOWIEDZIALNOŚCIĄ
0601,BANDURSKIEGO 17 lok 3-4,WASILEWSKA AGNIESZKA
0602,KS. JÓZEFA MEIERA 13,JERONIMO MARTINS POLSKA SPÓŁKA AKCYJNA
0603,KS. JÓZEFA MEIERA 20B,FIRMA HANDLOWO-USŁUGOWA ŁUKASIK STANISŁAW ŁKASIK SP. J.
0604,KS. JÓZEFA TISCHNERA 10,IMPACT SOLUTIONS SP. Z O.O.
0605,KS. KAZIMIERZA SIEMASZKI 31,ŻYLSKI ZENON
0606,KS. KAZIMIERZA SIEMASZKI 6,KUBAREK RENATA
0607,KS. MIKOŁAJA KUCZKOWSKIEGO 1,"MĘDREK,BOGDAN MIROSZEWSKI ZOFIA ZDANOWSKA - MIROSZEWSKA"
0608,KS. PIOTRA ŚCIEGIENNEGO 67A,AD-SYSTEM SPÓŁKA Z O. O.
0609,KS. WŁADYSŁAWA GURGACZA 7,MROCZEK ANNA
0610,KSAWEREGO PRUSZYŃSKIEGO 16,BOCHENEK CZESŁAW
0611,KSIĘCIA JÓZEFA 196 A,STUS BARTŁOMIEJ
0612,KSIĘDZA ADOLFA ZAGRODZKIEGO 3/4,"OLBRYCHTOWICZ ANDRZEJ, DZIARNOWSKA MARZENA"
0613,KSIĘDZA FERDYNANDA MACHAYA 1,HANDLOWA SPÓŁDZIELNIA JUBILAT
0614,KURNIKI 5,KAJTA KAMILA
0615,KURNIKI 7,FUDAŁA SŁAWOMIR
0616,KUŹNICY KOŁŁĄTAJOWSKIEJ 13,KUŹNICA MARKET SPÓŁKA Z O.O.
0617,KUŹNICY KOŁŁĄTAJOWSKIEJ 22A,GALOS MAGDALENA
0618,KWARTOWA 16 lok. U1 i U2,TROJANOWSKA AGNIESZKA
0619,LASÓWKA 42,OBRZUT IRENA
0620,LEGIONÓW JÓZEFA PIŁSUDSKIEGO 13/2,FIRMA HANDLOWA GRZYBEK-PL PAWICKI SPÓŁKA JAWNA
0621,LEONA PETRAŻYCKIEGO 64C,KONIECZKOWICZ ARTUR
0622,LEONIDA TELIGI 1,HALUCH TADEUSZ
0623,LEONIDA TELIGI 11,"CZAPIGA ZBIGNIEW, CZAPIGA MARIUSZ"
0624,LEONIDA TELIGI 11,PĘCAK JACEK
0625,LEONIDA TELIGI 24,KULA AGNIESZKA
0626,LEONIDA TELIGI 24,"PRZEDSIEBIORSTWO HANDLOWO-USŁGOWE ZACHĘTA A. KALETA, Z. KALETA SP. J"
0627,LEONIDA TELIGI 30D,PAWICKI PRZEMYSŁAW
0628,LILLI WENEDY 1,MILA SPÓŁKA AKCYJNA
0629,LILLI WENEDY 17,ADAMSKI KRZYSZTOF
0630,LIPOWA 6E,WOŹNIAK PAWEŁ
0631,LIPOWA 6F,"JAROSZ JANUSZ, WOŹNIAK PAWEŁ"
0632,LIPSKA 2,BP EUROPA SE SPÓŁKA EUROPEJSKA ODDZIAŁ W POLSCE
0633,LIPSKA 28,JERONIMO MARTINS POLSKA SPÓLKA Z O.O.
0634,LIPSKA 53,DNS SPÓŁKA Z O.O.
0635,LIPSKA 53/7B,ŁUKÓW EWA
0636,LIPSKA 6 lok. U13,SIKORA JAN
0637,LITEWSKA 46,KARKOSZKA STANISŁAW
0638,LNIANA 2,HANDLOWA SPÓŁDZIELNIA JUBILAT
0639,LUBELSKA 31,GŁOWACKA MAGDALENA
0640,LUBELSKA 31,GŁOWACKA MAGDALENA
0641,LUBICZ 26,KAMIŃSKI KRZYSZTOF
0642,LUBICZ 32/3,"BARTISZEWSKI MACIEJ, PEKSA PIOTR"
0643,LUBICZ 17 J,BROWAR LUBICZ SPÓŁKA Z O.O.
0644,LUBLAŃSKA 16A,CIRCLE K POLSKA Z OGRANICZONĄ ODPOWIEDZIALNOŚCIĄ
0645,LUBLAŃSKA 16A,CIRCLE K POLSKA SPÓŁKA Z OGRANICZONĄ ODPOWIEDZIALNOŚCIĄ
0646,LUBOCKA 99,SPOŁEM POWSZECHNA SPÓŁDZIELNIA SPOŻYWCÓW NOWA HUTA W KRAKOWIE
0647,LUBOCKA 116,BROŚ HALINA
0648,LUBOSTROŃ 1,ŚPICHA BARBARA
0649,LUBOSTROŃ 15,SOBOL HALINA
0650,LUBOSTROŃ 39,SKWAREK TADEUSZ
0651,LUBOSTROŃ 22G lok. OU 8,BIENIAS BATROSZ
0652,LUCJANA RYDLA 7/U3,HANDLOWA SPÓŁDZIELNIA JUBILAT
0653,LUCJANA RYDLA 9A/LU2,KUBAREK RENATA
0654,LUDWIKA RYDYGIERA 1,KORZENIOWSKI JULIAN
0655,LUDWIKA RYDYGIERA 10A,WÓJCIK ZBIGNIEW
0656,LUDWIKA RYDYGIERA 11A,SUSZEK DOROTA
0657,LUDWIKA RYDYGIERA 18/LU1,PERZ KATARZYNA
0658,LUDWIKA RYDYGIERA 25 look.18,GAJDA KRZYSZTOF
0659,LUDWIKA SOLSKIEGO 1/5-8,KEFIREK SPÓŁKA AKCYJNA
0660,LUDWIKA SOLSKIEGO 1 lok. 5-8,GARBARZ ALEKSANDER
0661,LUDWIKA SOLSKIEGO 7B/2 i 3,MAJ ŁUKASZ
0662,LWA LANDAUA 4,BAJOREK TOMASZ
0663,LWOWSKA 22,LASKOWSKA JANINA
0664,LWOWSKA 1/U04,CWYNAR IRENA
0665,ŁOBZOWSKA 2,SZCZYPCZYK KONRAD
0666,ŁUTNIA 46,ŚLUSARCZYK AGNIESZKA
0667,ŁUŻYCKA 25,FIRMA TO JA SPÓŁKA Z O. O.
0668,ŁUŻYCKA 32,WINIARSKA IZABELA
0669,ŁUŻYCKA 40,POLSKI KONCERN NAFTOWY ORLEN SPÓŁKA AKCYJNA
0670,ŁUŻYCKA 55,STOKROTKA SPÓŁKA Z O.O.
0671,ŁUŻYCKA 55,MASAJADA WANDA
0672,ŁUŻYCKA 80,ZIENTARSKA JOANNA
0673,ŁUŻYCKA 41A,"JELONEK KATARZYNA, JELONEK PAWEŁ"
0674,ŁUŻYCKA 43f,JERONIMO MARTINS POLSKA SPÓŁKA AKCYJNA
0675,ŁUŻYCKA 73C,OLSZAŃSKA DOROTA
0676,MACEDOŃSKA 6,MONOLITH TRADING SPÓŁKA Z OGRANICZONĄ ODPOWIEDZIALNOŚCIĄ
0677,MACIEJA DĘBSKIEGO 3,"ZAKŁAD PRZETWÓRSTWA MIĘSNEGO ""PAŁKA"" SP. J."
0678,MACIEJA DĘBSKIEGO 125,CYWIŃSKA-STREJCZEK MARTA
0679,MACIEJA MIECHOWITY 19C,"GOŁĘBIOWSKA AGNIESZKA, GOŁĘBIOWSKI PAWEŁ"
0680,MACIEJA MIECHOWITY 21A,KACZOR JADWIGA
0681,MACIEJA MIECHOWITY 21A,GLAZ MARIA
0682,MACIEJA SŁOMCZYŃSKIEGO 12/1U,MILLI KRZYSZTOF
0683,MALBORSKA 1,BP EUROPA SE SPÓŁKA EUROPEJSKA ODDZIAŁ W POLSCE
0684,MALBORSKA 35,GALAS MAGDALENA
0685,MALBORSKA 69,MAKROLITH TRADING SP. Z O.O.
0686,MAŁA GÓRA 16,GRZESIAK ANDRZEJ
0687,MAŁA GÓRA 16,SUCHAN ZOFIA
0688,MAŁA GÓRA 16,"KMIECIK MACIEJ, SZCZEPKA ANNA"
0689,MAŁA GÓRA 97,JERONIMO MARTINS POLSKA S.A.
0690,MAŁY PŁASZÓW 4,KOREPTA KATARZYNA
0691,MAŁY RYNEK 7,QLT RESTAURANT & BAR SPÓŁKA Z O. O.
0692,MARCHOŁTA 28,"ŚWIĘTEK AGNIESZKA, ŚWIĘTEK KAMIL"
0693,MARCHOŁTA 53A/US1,JURECKI JAKUB
0694,MARIANA LANGIEWICZA 6,STRONCZAK JERZY
0695,MARIANA MARKOWSKIEGO 6/2A,"NOSEK KONRAD, NOSEK MAREK"
0696,MARIANA SŁONECKIEGO 4lok. PO 90,BIENIAS GRZEGORZ
0697,MARII DĄBROWSKIEJ 25,ALDI SPÓŁKA Z O.O.
0698,MARII DĄBROWSKIEJ 17 lok. 66,BIENIAS GRZEGORZ
0699,MARII I BOLESŁAWA WYSŁOUCHÓW 2 OŻÓG BOŻENA,2020-07-15
0700,MARII I BOLESŁAWA WYSŁOUCHÓW 48 DYDŁO MACIEJ,2020-05-31
0701,MARII I BOLESŁAWA WYSŁOUCHÓW 55 KALETA SPÓŁKA JAWNA,2019-10-08
0702,MARII I BOLESŁAWA WYSŁOUCHÓW 22A JERONIMO MARTINS POLSKA SPÓŁKA AKCYJNA,2019-09-16
0703,"MARII I BOLESŁAWA WYSŁOUCHÓW 27A KOLONKO BOGUMIŁ, WASIEK ALEKSANDER, CZARNIEWSKI ANDRZEJ",2020-02-03
0704,MARII I BOLESŁAWA WYSŁOUCHÓW 30A/48 WYSZYŃSKA ALEKSANDRA,2019-04-20
0705,MARII I BOLESŁAWA WYSŁOUCHÓW 6A/1 WARMUZ MICHAŁ,2019-10-16
0706,"MARII I BOLESŁAWA WYSŁOUCHÓW 6A/5 PALCZEWSKA ANNA, BUŁKA KRZYSZTOF",2021-09-09
0707,MARII JAREMY 4 SZLACHTA MICHAŁ,2020-10-04
0708,MARII JAREMY 8A TYTKO PIOTR,2021-06-06
0709,MARII KONOPNICKIEJ 33,ODPOWIEDZIALNOŚCIĄ
0710,MARII KONOPNICKIEJ 78,SHELL POLSKA SPÓŁKA Z OGRANICZONĄ ODPOWIEDZIALNOŚCIĄ
0711,MARII KONOPNICKIEJ 92A,"TUCZYŃSKI GRZEGORZ, TUCZYŃSKA ANNA"
0712,MASARSKA 8 lok. 105,KUBAREK RENATA
0713,MATEMATYKÓW KRAKOWSKICH 88,URBANIK MARTA
0714,MAZOWIECKA 9,KŁÓSEK BOGUMIŁA
0715,MAZOWIECKA 16,KOMANDYTOWA
0716,MAZOWIECKA 32,KOWALCZYK MAGDALENA
0717,MAZOWIECKA 37,PIETRZYK BRONISŁAW
0718,MAZOWIECKA 88,HANDLOWA SPÓŁDZIELNA JUBILAT
0719,MAZOWIECKA 88/7,DNS SPÓŁKA Z O.O.
0720,MAZOWIECKA 4-6,SPOŁEM POWSZECHNA SPÓŁDZIELNIA SPOŻYWCÓW ZGODA W KRAKOWIE
0721,MAZOWIECKA 28B,SZYMCZYK GRZEGORZ
0722,MEISELSA 20/U1,NOWORYTA KRZYSZTOF
0723,MERKURIUSZA POLSKIEGO 2,WAGNER TOMASZ
0724,MICHAŁA BAŁUCKIEGO 9A,"FIRMA HANDLOWA EWA WĄCŁAWSKA, MAREK WĄCŁAWSKI SPÓŁKA JAWNA"
0725,MIECHOWSKA 5,KOMANDYTOWA
0726,MIECHOWSKA 5,MADO GROUP SPÓŁKA Z O.O. SPÓŁKA KOMANDYTOWA
0727,MIECZYSŁAWA MEDWECKIEGO 2,CARREFOUR POLSKA SPÓŁKA Z O.O.
0728,MIECZYSŁAWA MEDWECKIEGO 21,JERONIMO MARTINS POLSKA SPÓLKA AKCYJNA
0729,MIECZYSŁAWA WRONY 69,SŁAPCZYŃSKA ANNA
0730,MIECZYSŁAWA WRONY 128,GŁOWACKA ADELA
0731,MIECZYSŁAWA WRONY 69A,SŁAPCZYŃSKA ANNA
0732,MIECZYSŁAWY ĆWIKLIŃSKIEJ 1,LIDL SPÓŁKA Z O.O. SPÓŁKA KOMANDYTOWA
0733,MIECZYSŁAWY ĆWIKLIŃSKIEJ 12,CARREFOUR POLSKA SPÓŁKA Z OGRANICZONĄ ODPOWIEDZIALNOŚCIĄ
0734,MIECZYSŁAWY ĆWIKLIŃSKIEJ 14,KAUFLAND POLSKA MARKETY SPÓŁKA Z O.O. SPÓŁKA KOMANDYTOWA
0735,MIECZYSŁAWY ĆWIKLIŃSKIEJ 9C,"STRĄCZEK TOMASZ, CHUDOBA AGNIESZKA"
0736,MIECZYSŁAWY ĆWIKLIŃSKIEJ 9D,FILIPOWICZ ANNA
0737,MIKOŁAJA KOPERNIKA 22,"NOSTKIEWICZ PAWEŁ, NOSTKIEWICZ RAFAŁ"
0738,MIKOŁAJA ZYBLIKIEWICZA 15/1,GRUPA FUNTIME SPÓŁKA Z O.O.
0739,MIKOŁAJSKA 12,"ZIELENIAK SEBASTIAN, MUSIAŁ ADAM"
0740,MIODOWA 13,KOCYK SPÓŁKA Z O.O. SP. KOMANDYTOWA
0741,MIODOWA 21,KOCIOŁEK BEATA
0742,MIODOWA 28,"DUDEK DARIA, MOMOT PAWEŁ"
0743,MIODOWA 23/3,MALOTA IWONA
0744,MIROSŁAWA KRZYŻAŃSKIEGO 5,SZULC  MAŁGORZTA
0745,MIROSŁAWA KRZYŻAŃSKIEGO 43,SKOWRON ARTUR
0746,MIROWSKA 201,BP EUROPA SE ODDZIAŁ W POLSCE
0747,MISTRZEJOWICE 5,KALETA SP. J.
0748,MISTRZEJOWICE przy bl. 5,STOLARZ ELŻBIETA
0749,MISTRZEJOWICKA 49C,STĘPIEŃ KATARZYNA
0750,MIŚNIEŃSKA 87,ELEA POLSKA SPÓŁKA Z O. O.
0751,MJR. ŁUPASZKI 17/LU3,KWIATKOWSKI BOGUSŁAW
0752,MŁYŃSKA 8,WIELECKI WIKTOR
0753,MŁYŃSKA 8,OLSZEWSKI TADEUSZ
0754,MŁYŃSKA 8,DĄBEK DAWID
0755,MŁYŃSKA BOCZNA 20,MANIECKA MAŁGORZATA
0756,MŁYŃSKA-BOCZNA 20,MANIECKA MAŁGORZATA
0757,MOCHNANIEC 1,BIEL MAGDALENA
0758,MOCHNANIEC 1,BIEL MAGDALENA
0759,MODRZEWIOWA 17,HANDLOWA SPÓŁDZIELNIA JUBILAT
0760,MOGILSKA 40,ŚWIATŁOŃ DAMIAN
0761,MOGILSKA 59,KRUPA DANUTA
0762,MOGILSKA 81,CIRCLE K POLSKA SPÓŁKA Z O.O.
0763,MOGILSKA 86,M&P PAVLINA SPÓŁKA Z O.O. SPÓŁKA KOMANDYTOWA
0764,MOGILSKA 116,LIDL SPÓŁKA Z OGRANICZONĄ ODPOWIEDZIALNOŚCIĄ SPÓŁKA KOMANDYTOWA
0765,MOGILSKA 122,POLSKI KONCERN NAFTOWY ORLEN SPÓŁKA AKCYJNA
0766,MOGILSKA 13B,STANUCH RAFAŁ
0767,MOGILSKA 15 B lok. 1,ROGALA DARIUSZ
0768,MOGILSKA 21/1U,NOWORYTA KRZYSZTOF
0769,MOGILSKA 42-56,MEGA SPÓŁKA Z O.O.
0770,MOGILSKA 68/LU,KRUPA DANUTA
0771,MONTE CASSINO 6 lok. 3,SWĘDRAK WOJCIECH
0772,MURARSKA 19/LU 3,KORZĘPA RAFAŁ
0773,MYŚLENICKA 130,TOMAŚ JACEK
0774,MYŚLENICKA 131,FIRMA ROGALA SPÓŁKA Z O.O.
0775,MYŚLENICKA 181,STOŃ MICHAŁ
0776,MYŚLENICKA 229,JAŁOCHA ANDRZEJ
0777,MYŚLENICKA 133 A,SPÓŁKA JAWNA CITY MARKET ADAM CZEKAJEWSKI I INNI
0778,MYŚLIWSKA 51,KRAK-TAR SPÓŁKA Z O.O.
0779,"MYŚLIWSKA 76/LU1, 2",GĄDEK RAFAŁ
0780,MYŚLIWSKA 78 LU1/LU1,BIELAWSKI MACIEJ
0781,NA BLONIE 17A,WACHULEC MIECZYSŁAWA
0782,NA BŁONIE 11B,KOMANDYTOWA
0783,NA KOZŁÓWCE 3,INTERLEX SPÓŁKA Z O.O.
0784,NA KOZŁÓWCE 10,STOKROTKA SPÓŁKA Z O.O.
0785,NA KOZŁÓWCE 18,ŚREDNIAWA MARTA
0786,NA KOZŁÓWCE 18,AVANGARDE SPÓŁKA Z O.O.
0787,NA KOZŁÓWCE 18H,KOZERA-PROSTAK MONIKA
0788,NA LOTNISKU 2,ALDI SPÓŁKA Z O.O.
0789,NA LOTNISKU 4,SPOŁEM POWSZECHNA SPÓŁDZIELNIA SPOŻYWCÓW NOWA HUTA W KRAKOWIE
0790,NA LOTNISKU 12A,SYGNET PAWEŁ
0791,NA STAWACH paw.15,HANDLOWA SPÓŁDZIELNIA JUBILAT
0792,NA STOKU 1,MILA SPÓŁKA AKCYJNA
0793,NA STOKU 5,GRAŻYNA KUROWSKA
0794,NA STOKU 1a,"ŚWIĘTEK AGNIESZKA, ŚWIĘTEK KAMIL"
0795,NA SZANIEC 13,KOMOROWSKI PAWEŁ
0796,NA SZANIEC 14,PODWAWELSKA SPÓŁDZIELNIA SPOŻYWCÓW
0797,NA SZANIEC 23,TUCZYŃSKI GRZEGORZ
0798,NA WZGÓRZACH 31,SPÓŁKA JAWNA
0799,NA WZGÓRZACH 31,JAKÓBCZAK ALEKSANDER
0800,NA WZGÓRZACH 31,GAWOR RENATA
0801,NA WZGÓRZACH 20A,SPOŁEM POWSZECHNA SPÓŁDZIELNIA SPOŻYWCÓW ZGODA W KRAKOWIE
0802,NA WZGÓRZACH 36A,PIETRUSA PATRYCJA
0803,NAD STRUGĄ 9,"ZBIEŻEK IWONA, MAJAK MAŁGORZATA"
0804,NAD SUDOŁEM 8,"TUCZYŃSKA ANNA, TUCZYŃSKI GRZEGORZ"
0805,NADBRZEZIE 18,ZAGDAŃSKA BARBARA
0806,NADWIŚLAŃSKA 11/321/322,JACH JAKUB
0807,NADWIŚLAŃSKA 3/H1,OPACH KATARZYNA
0808,NAGŁOWICKA 78,"TOKARCZYK DOMINIKA, SZRENIAWSKI MICHAŁ"
0809,NAGŁOWICKA 76A,GOLIK PAWEŁ
0810,NARCIARSKA 2F,PIEGDOŃ RENATA
0811,NEFRYTOWA 4,ANEX SPÓŁKA Z O.O.
0812,NEFRYTOWA 4,PAZDAN DARIUSZ
0813,NIEPODLEGŁOŚCI k/bl. 11,SE-KO SEBASTIAN ZIELENIAK KONRAD ZIELENIAK SPÓŁKA JAWNA
0814,NORYMBERSKA 1,KAUFLAND POLSKA MARKETY SPÓŁKA Z O. O. SPÓŁKA KOMANDYTOWA
0815,NOWOHUCKA 17,LOTOS PALIWA SPÓŁKA Z O.O.
0816,NOWOHUCKA 52,TRANSGOURMET POLSKA SPÓŁKA Z O.O.
0817,NOWOHUCKA 71,POLSKI KONCERN NAFTOWY ORLEN SPÓŁKA AKCYJNA
0818,NOWOSĄDECKA 27A,PIETRUSA PATRYCJA
0819,NOWOSĄDECKA 27B,"FIRMA HANDLOWA ""DANA"" DANUTA LUTY, MARIAN LUTY SPÓŁKA JAWNA"
0820,OBOZOWA 46,SOBOL ARTUR
0821,OBOZOWA 64/01,STREJCZEK RAFAŁ
0822,ODRZAŃSKA 6,KOSIŃSKI WIESŁAW
0823,"ODRZAŃSKA , LU 9",DZIEDZIC MARTYNA
0824,"ODRZAŃSKA 13 lok. LU,LU9",KOMADOWSKA JUSTYNA
0825,OFIAR DĄBIA 12,JERONIMO MARTINS POLSKA SPÓŁKA AKCYJNA
0826,OGRODOWE 7,FRANCUZIAK JAROSŁAW
0827,OGRODOWE 7,"LOREK ANNA, DUDA HELENA, LOREK RYSZARD"
0828,OGRODOWE 10,KALETA SPÓŁKA JAWNA
0829,OJCOWSKA 27,SKOTNICZNA SABINA
0830,OJCOWSKA 80,"DZIEDZIC  SABINA, KRÓL BERNARDETA"
0831,OLSZANICKA 85,KOC ANDRZEJ
0832,OLSZANICKA 174,KRÓL MAREK
0833,OLSZAŃSKA 14,"KALINOWSKA MARIA, KALINOWSKI RYSZARD"
0834,OLSZTYŃSKA 1,KALETA SPÓŁKA JAWNA
0835,OPOLSKA 5,LOTOS PALIWA SPÓŁKA Z OGRANICZONĄ ODPOWIEDZIALNOŚCIĄ
0836,OPOLSKA 9,AMIC POLSKA SPÓŁKA Z OGRANICZONĄ ODPOWIEDZIALNOŚCIĄ
0837,OPOLSKA 37,KOMANDYTOWA
0838,OPOLSKA 60,ARGE PALIWA SPÓŁKA Z O.O.
0839,ORLA 62,HANDLOWA SPÓŁDZIELNIA JUBILAT
0840,ORZECHOWA 5,INTERLEX SPÓŁKA Z O.O.
0841,ORZECHOWA 5A,BOŻEK JAN
0842,OS. ALBERTYŃSKIE 21B,MUSIAŁ ADAM
0843,OS. KRAKOWIAKÓW 22B,LEWIATAN MARKET SPÓŁKA Z O.O.
0844,OS. NA SKARPIE 20,BOBER ADRIAN
0845,OS. NA SKARPIE 39,CEBULA ZBIGNIEW
0846,OS. NA SKARPIE 39,"DEMETER MAŁGORZATA, KARNIA ANDRRZEJ"
0847,OS. SZKOLNE 3,ŻUREK URSZULA
0848,OS. SZKOLNE 35/U001,KUGLIN ANDRZEJ
0849,OS.PIASTÓW 60,ZIKO SPÓŁKA Z OGRANICZONĄ ODPOWIEDZIALNOŚCIĄ
0850,OS.PIASTÓW 62,GIBUŁA TERESA
0851,OS.PIASTÓW U1,ŚWIATŁOŃ DAMIAN
0852,OS.PIASTÓW przy bl. 17,GĄDEK ELŻBIETA
0853,OSIEDLE  ZŁOTEJ JESIENI 13,LEWIATAN MARKET SPÓŁKA Z OGRANICZONĄ ODPOWIEDZIALNOŚCIĄ
0854,OSIEDLE  ZŁOTEJ JESIENI 3A,SIEDLARZ PIOTR
0855,"OSIEDLE AKADEMICKIE 9 lok. B1,B2",WERSTAK MACIEJ
0856,OSIEDLE ALBERTYŃSKIE 29A,MEGANA SPÓŁKA Z OGRANICZONĄ ODPOWIEDZIALNOŚCIĄ
0857,OSIEDLE AVIA 3 lok U1,MAZURKIEWICZ JAROSŁAW
0858,OSIEDLE BOHATERÓW WRZEŚNIA 57,AD-SYSTEM SPÓŁKA Z O.O.
0859,OSIEDLE CENTRUM A 3 lok U1,BIENIAS KATARZYNA
0860,OSIEDLE CENTRUM B 5,MILA SPÓŁKA AKCYJNA
0861,OSIEDLE CENTRUM B 8,INTEGRAL TRADE SPÓŁKA Z OGRANICZONĄ ODPOWIEDZIALNOŚCIĄ
0862,OSIEDLE DYWIZJONU 303 55A,MUSIAŁ ADAM
0863,OSIEDLE DYWIZJONU 303 62G,STOKROTKA SP. Z O.O.
0864,OSIEDLE JAGIELLOŃSKIE 7,LEWIATAN MARKET SPÓŁKA ZOGRANICZONĄ ODPOWIEDZIALNOŚCIĄ
0865,OSIEDLE JÓZEFA STRUSIA 12,SPÓŁKA JAWNA
0866,OSIEDLE KALINOWE 12,SPOŁEM POWSZECHNA SPÓŁDZIELNIA SPOŻYWCÓW NOWA HUTA W KRAKOWIE
0867,OSIEDLE KALINOWE 16,BZDELA ANDRZEJ
0868,OSIEDLE KALINOWE 12C,BIENIAS KATARZYNA
0869,OSIEDLE KAZIMIERZOWSKIE 34,MILA SPÓŁKA AKCYJNA
0870,OSIEDLE KOLOROWE 46,"STANEK STANISŁAWA, STANEK ZBIGNIEW"
0871,OSIEDLE KOMBATANTÓW 16A,SPÓŁKA KOMANDYTOWA
0872,OSIEDLE NA STOKU 53,JERONIMO MARTINS POLSKA S.A.
0873,OSIEDLE NIEPODLEGŁOŚCI 1,"RZĄSOWSKA-WOLNICKA JOANNA, PAWICKI PRZEMYSŁAW"
0874,OSIEDLE NIEPODLEGŁOŚCI 3,AD - SYSTEM SPÓŁKA Z O.O.
0875,OSIEDLE OGRODOWE 12/U3,"KĄCKA KŁUSEK BEATA, KŁUSEK JULIAN"
0876,OSIEDLE OŚWIECENIA 21,KALETA SPÓŁKA JAWNA
0877,OSIEDLE PIASTÓW 21,MILA SPÓŁKA AKCYJNA
0878,OSIEDLE PIASTÓW 12H,SMAKI SPÓŁKA Z OGRANICZONĄ ODPOWIEDZIALNOŚCIĄ
0879,OSIEDLE PIASTÓW 22D,GRUPA TOWER SPÓŁKA Z O.O.
0880,OSIEDLE PIASTÓW 56B lok. LU2,BIENIAS GRZEGORZ
0881,OSIEDLE SŁONECZNE 8,LEWIATAN MARKET SP. Z O.O.
0882,OSIEDLE SŁONECZNE 8,PLUTECKA DANUTA
0883,OSIEDLE SŁONECZNE 14/U4,KORFEL BARBARA
0884,OSIEDLE STALOWE 4,WYKA PAWEŁ
0885,OSIEDLE STRUSIA 18,RUSINIAK ROBERT
0886,OSIEDLE TEATRALNE 28 lok.U3,MUSIAŁ TOMASZ
0887,OSIEDLE TYSIĄCLECIA 42,MUSIAŁ TOMASZ
0888,OSIEDLE WYSOKIE 22A,MIERNICZAK MAGDALENA
0889,OSIEDLE ZŁOTEGO WIEKU 75,GĄDEK PIOTR
0890,OSTATNIA 1D,"MATAN PRZEMYSŁAW, MATAN WITOLD"
0891,OSTATNIA U2,KUSAK SYLWIA
0892,OŚ. DYWIZJONU 303 3/2,"KWAŚNIEWSKA EWA, WOJDYGA TOMASZ"
0893,OŚ. DYWIZJONU 303 14B,HAJDASZ ANNA
0894,OŚ. DYWIZJONU 303 21A,CIRCLE K POLSKA SP. ZO.O
0895,OŚWIECENIA 21,BOGACZYK JADWIGA
0896,OŚWIECENIA 38,KALETA SPÓŁKA JAWNA
0897,OŚWIECENIA 47,WOJDYGA AGNIESZKA
0898,OŚWIECENIA 33A/3A,ŚWIATŁOŃ DAMIAN
0899,OŚWIECENIA 33B ozn.nr IV,"KUSIAK WIOLETA, LUDWIG BARBARA"
0900,OŚWIECENIA 35C,"GOŁĘBIOWSKI PAWEŁ, OSTAFIN ROBERT"
0901,OŚWIECENIA 46A,"MAZURKIEWICZ IWONA, STOJEK WITOLD"
0902,PANA TADEUSZA 6B,BEER CITY SPÓŁKA Z O.O.
0903,PARKOWA 11,DONIMIRSKI JERZY
0904,PASTELOWA 58/1,CHLEBDA ANNA
0905,PASTELOWA 58 lok. L2,FURLAGA MARIUSZ
0906,PASTERNIK 65,ARGE PALIWA SPÓŁKA Z O.O.
0907,PASTERNIK 66,ARGE PALIWA SPÓŁKA Z O.O.
0908,PAWIA 5,ORGANIC FARMA ZDROWIA SPÓŁKA AKCYJNA
0909,PAWIA 5,KUCHNIE ŚWIATA SPÓŁKA AKCYJNA
0910,PAWIA 5,AMBRA S.A.
0911,PAWIA 5,CARREFOUR POLSKA SPÓLKA ZO.O.
0912,PAWIA 11,ORBIS S.A.
0913,PAWIA 18B,ORBIS S.A.
0914,PAWŁA WŁODKOWICA 3-4,CĘCKIEWICZ ANDRZEJ
0915,PIASTÓW 63,LIDL SPÓŁKA Z O. O. SPÓŁKA KOMANDYTOWA
0916,PIASTÓW 24A,TUCZYŃSKI GRZEGORZ
0917,PILOTÓW 6,ALMA KRAKÓW SPÓŁKA Z O.O.
0918,PILOTÓW 22,MEGANA SPÓŁKA Z O.O.
0919,PILOTÓW 95,"KĘPA IWONA, PACYGA MARIA"
0920,PILOTÓW 29/U-1,KONIK BARBARA
0921,PILOTÓW 4B,POLSKI KONCERN NAFTOWY ORLEN SPÓŁKA AKCYJNA
0922,PIOTRA STACHIEWICZA 3,LABEL MARS SPÓŁKA JAWNA
0923,PIOTRA STACHIEWICZA 27,AGNIESZKA WĘGRZYN-JASIÓWKA
0924,PIOTRA STACHIEWICZA 52,OPACH KATARZYNA
0925,PLAC BOHATERÓW GETTA 16 lok. III,CWYNAR IRENA
0926,PLAC JANA MATEJKI 6/LU1,GUZIK TOMASZ
0927,PLAC NOWY 3,"DROŻDŻ DARIUSZ, SZULC KAMIL"
0928,PLAC SZCZEPAŃSKI 3,JASTRZĘBSKI TOMASZ
0929,PLAC SZCZEPAŃSKI 3A,"BUNKIER CAFE WITYŃSKI , ŻAKOWSKI SPÓŁKA JAWNA"
0930,PLAC TARGOWY STARY KLEPARZ lok. 52,BIAŁOBROCKI PAWEŁ
0931,PLAC WOLNICA 13,WÓJTOWICZ KRZYSZTOF
0932,PŁASZOWSKA 12,SYGNET MARIA
0933,PŁASZOWSKA 65,KARAŚ MONIKA
0934,PŁK. FRANCESCO NULLO 33,ALKO TRADING SPÓŁKA Z O.O.
0935,PŁK. FRANCESCO NULLO 42,MAŁGORZATA TROJAŃSKA JÓZEF TR0JAŃSKI
0936,PŁK. STANISŁAWA DĄBKA 13,SN SPÓŁKA Z O.O.
0937,PŁK. STANISŁAWA DĄBKA 8B,ECA DETAL SPÓŁKA Z O.O.
0938,PRAŻMOWSKIEGO 49A,"SAŁAPA PAWEŁ, TOCZEK ROBERT"
0939,PŁOSZCZYNY 1,KOLASA RENATA
0940,PODEDWORZE 2A,"DOKTOR NO MACIEJ JOJCZYK, RAFAŁ NOGA SPÓŁKA JAWNA"
0941,PODEDWORZE 2B,CHACHLOWSKA GRAŻYNA
0942,PODGÓRSKA 34,CARREFOUR POLSKA SP. Z O.O.
0943,PODGÓRSKI 14,KAMA SPÓŁKA Z O.O.
0944,PODŁĘSKA 17A/20,GANDERA MAŁGORZATA
0945,PODŁĘSKA 17A/29,PIEGA PAWEŁ
0946,PODŁĘSKA 17AQ/1,ŚWITOŃ MICHAŁ
0947,PODWALE 2,URBAŃSKI MAREK
0948,PODZAMCZE 24,FUDALA WŁADYSŁAW
0949,POKOJU 14,PODWAWELSKA SPÓŁDZIELNIA SPOŻYWCÓW
0950,POKOJU 14,"ADAM CZEKAJEWSKI FIRMA HANDLOWA ""CITY"" SPÓŁKA JAWNA"
0951,POKOJU 20,PODWAWELSKA SPÓŁDZIELNIA SPOZYWCÓW
0952,POKOJU 33,PODWAWELSKA SPÓŁDZIELNIA SPOŻYWCÓW
0953,POKOJU 44,CARREFOUR POLSKA SPÓŁKA Z O.O.
0954,POKOJU 65,SHELL POLSKA SPÓŁKA Z OGRANICZONĄ ODPOWIEDZIALNOŚCIĄ
0955,POKOJU 67,AUCHAN POLSKA SP. Z O.O.
0956,POKOJU 62A,FINANCITY SPÓŁKA Z O.O.
0957,POLEGŁYCH W KRZESŁAWICACH 51A,GRZESIAK WOJCIECH
0958,POLONIJNA 13,JERONIMO MARTINS POLSKA SPÓŁKA AKCYJNA
0959,POLSKIEGO CZERWONEGO KRZYŻA 1,GRZESIAK LESZEK
0960,POR. HALSZKI 3A,JERONIMO MARTINS POLSKA S.A.
0961,POWIŚLE 11,KRAKÓW FOR YOU SPÓŁKA Z O.O.
0962,POWIŚLE 9/1,FURLAGA MARIUSZ
0963,POWSTAŃCÓW 3,JERONIMO MARTINS POLSKA SPÓŁKA AKCYJNA
0964,POWSTAŃCÓW 20,ALKO TRADING SPÓŁKA Z O.O.
0965,POWSTAŃCÓW 28,ALTI PLUS SPÓŁKA AKCYJNA
0966,POWSTAŃCÓW 63,BURKOWICZ JOLANTA
0967,POWSTAŃCÓW 32C,MUSIAL TOMASZ
0968,POWSTAŃCÓW 34B,TORCZYŃSKI RYSZARD
0969,POWSTAŃCÓW WIELKOPOLSKICH 13,ARGE PALIWA SPÓŁKA Z O.O.
0970,POWSTAŃCÓW WIELKOPOLSKICH 17,CIRCLE K POLSKA SPÓŁKA Z O.O.
0971,POWSTAŃCÓW WIELKOPOLSKICH 18,JERONIMO MARTINS POLSKA S.A.
0972,POZNAŃSKA 10 lok.LU2,SEMPIAK NATALIA
0973,PÓŁŁANKI 22,"""POLSKA DYSTRYBUCJA ALKOHOLI"" SPÓŁKA Z OGRANICZONĄ ODPOWIEDZIALNOŚCIĄ"
0974,PÓŁŁANKI 104 A,JONCZAK EWA
0975,PÓŁŁANKI 12B,JERONIMO MARTINS POLSKA SPÓŁKA AKCYJNA
0976,PÓŁŁANKI 62A,EUROCASH SPÓŁKA AKCYJNA
0977,PÓŁŁANKI 80A,"PRAŻUCH KRZYSZTOF, PIBER EDYTA"
0978,PRASKA 52,FIRMA HANDLOWA DURYCH SPÓŁKA JAWNA
0979,PRASKA 62,WAŚKOWSKA ALICJA
0980,PRASKA 62,WAŚKOWSKA ALICJA
0981,PRASKA 61A,BIEDA ELŻBIETA
0982,PRĄDNICKA 48,SZELĄG AGNIESZKA
0983,PRĄDNICKA 65,JERONIMO MARTINS POLSKA S.A.
0984,PRĄDNICKA 74,HANDLOWA SPÓŁDZIELNIA JUBILAT
0985,PRĄDNICKA 83,WALAS JOANNA
0986,PRĄDNICKA 89,WITWINOWSKI JACEK
0987,PRĄDNICKA 89,WITWINOWSKI JACEK
0988,PRĄDNICKA 1A,PRUSAK GRZEGORZ
0989,PRĄDNICKA 77lok.U1,AGNIESZKA KULA
0990,PROF. MICHAŁA BOBRZYŃSKIEGO 33,MARKET PUNKT 4 PL SPÓŁKA Z O.O. SP. K.
0991,PROF. STEFANA MYCZKOWSKIEGO 21/1,DWORZAK PATRYCJA
0992,PROF. STEFANA MYCZKOWSKIEGO 1 lok.2,GAMAT SPÓŁKA Z O.O.
0993,PROF. WOJCIECHA MARII BARTLA 22/3,MASSE ALINA
0994,PROF. WOJCIECHA MARII BARTLA 19G/U51,DUDEK EWELINA
0995,PROF. WOJCIECHA MARII BARTLA 22 lok.4,"SZNAPKA-STYLO MAŁGORZATA, SZNAPKA MAREK"
0996,BOBRZYŃSKIEGO 37,CARREFOUR POLSKA SPÓŁKA Z O.O.
0997,PRUSKA 24,BUKOWSKI JERZY
0998,PRZEGORZALSKA 2,HANDLOWA SPÓŁDZIELNIA JUBILAT
0999,PRZEMIARKI 23 LU 12,PAWŁOWSKI DARIUSZ
1000,PRZEMIARKI LU 10,SWĘDRAK WOJCIECH
1001,PRZEMYSŁOWA 4 lok. 468,CONSONNI SPÓŁKA Z O.O. SP. K.
1002,PRZEMYSŁOWA 4/466,BIESZCZAD GRZEGORZ
1003,PRZEWÓZ 2,MICHALSKA OLIMPIA
1004,PRZEWÓZ 34A,PARO SPÓŁKA ZO.O.
1005,PRZEWÓZ 40A,SIKORA TERESA
1006,PRZY ARCE 1,MACHOWSKA AGATA
1007,PRZY RONDZIE 4,KEFIREK SPÓŁKA AKCYJNA
1008,RACIBORSKA 17,MARKET PUNKT 4 PL SPÓŁKA Z O.O. SPÓŁKA KOMANDYTOWA
1009,RACŁAWICKA 26/2,SEMPIAK NATALIA
1010,RADZIWIŁŁOWSKA 31,KMITA BARBARA
1011,RADZIWIŁŁOWSKA 27/2F,NIEDZIÓŁKA BOGUSŁAW
1012,RAKOWICKA 23,CHUCHRO ELIZA
1013,RAKOWICKA 17/1,SZULC MAŁGORZATA
1014,RAKOWICKA 20/L2,BĄCZEK JOANNA
1015,RĄCZNA 59,KARAŚ JOLANTA
1016,REPUBLIKI KORCZAKOWSKIEJ 11,SPROSKA GENOWEFA
1017,REPUBLIKI KORCZAKOWSKIEJ 15,GERST SPÓŁKA Z O. O.
1018,"REPUBLIKI KORCZAKOWSKIEJ 19LU1,LU2",BASISTA MARCIKN
1019,RETORYKA 1 lok. 2,PARYŁA ANITA
1020,ROBERTA JAHODY 2,MĄCZKA SPÓŁKA Z O.O.
1021,ROMANA ŻELAZOWSKIEGO 2,ZAGDAŃSKI JACEK
1022,WĄSOWICZA 11/LU1,PARYŁA WACŁAW
1023,RUSZNIKARSKA 14 A lok. XIII,PIETRZYK BRONISŁAW
1024,RYBITWY 13,ARGE PALIWA SPÓŁKA Z OGRANICZONĄ ODPOWIEDZIALNOŚCIĄ
1025,RYBITWY 60,KOSIŃSKA KRYSTYNA
1026,RYDLÓWKA 10,JERONIMO MARTINS POLSKA SPÓŁKA AKCYJNA
1027,RYDLÓWKA 19,KRZYSIEK ANNA
1028,RYDYGIERA 10A,WÓJCIK ZBIGNIEW
1029,RYNEK DĘBNICKI 12,GOWOREK ZOFIA
1030,RYNEK FAŁĘCKI 1,TROKOS MARKET POINT SPÓŁKA Z O.O. SP. K.
1031,RYNEK GŁÓWNY 6,HAJDUK MACIEK
1032,RYNEK KLEPARSKI 6,KULA AGNIESZKA
1033,RZECZNA 13/U1,MATOGA AGATA
1034,RZEŹNICZA 2,"SOCHA MARTA, MALISZKIEWICZ KRYSTYNA"
1035,SADOWA 9,MALEC EDYTA
1036,SAMUELA BOGUMIŁA LINDEGO 1 C,LIDL SPÓŁKA Z OGRANICZONĄ ODPOWIEDZIALNOŚCIĄ SPÓŁKA KOMANDYTOWA
1037,SAMUELA LINDEGO 1,MLECZARSKA SPÓŁDZIELNIA PRACY WIDOK
1038,SANDORA PETOFIEGO 32,MAZUR ARTUR
1039,SARMACKA 10/U1,BIELAWSKI MACIEJ
1040,SEBASTIANA KLONOWICA 15B,DRĄG MARCIN
1041,SENATORSKA 2,JANIK JAN
1042,SENATORSKA 27,ŻYŁA MARTA
1043,SEWERYNA GOSZCZYŃSKIEGO 33,"WINDAK CZESŁAWA, WINDAK WALDEMAR"
1044,SIARCZANA 18,KORZENIAK MARIA
1045,SIELSKA 4,ALDI SPÓŁKA Z O.O.
1046,SIENNA 7,HAJDUK MACIEJ
1047,SIENNA 11,GARLICKI PIOTR
1048,SIEWNA 17,LIDL SPÓŁKA Z O.O. SPÓŁKA KOMANDYTOWA
1049,SIEWNA 46,JERONIMO MARTINS POLSKA S.A.
1050,SKALICA 28A,SZCZYPCZYK MIROSŁAW
1051,SKARBOWA 2,LEWIATAN MARKET SPÓŁKA Z O. O.
1052,SKARBOWA 2,LEWIATAN MARKET SPÓŁKA Z OGRANICZONĄ ODPOWIEDZIALNOŚCIĄ
1053,SKOTNICKA 78,"SZCZEPANIK ELŻBIETA, KOSIŃSKI LESZEK"
1054,SKOTNICKA 181,MACHNO MIECZYSŁAW
1055,SKOTNICKA 188,STĘPKOWSKA BEATA
1056,SKOTNICKA 242,LEMAR R.L.E LEŚNIAK SPÓŁKA JAWNA
1057,SKOTNICKA 268,BIER SEBASTIAN
1058,SKWEROWA 52 lok. 2,ŚWIDER TOMASZ
1059,SŁAWKOWSKA 10,"CIAPAŁA EWELINA, SZMALEC MACIEJ"
1060,SŁAWKOWSKA 21 lok. 1,RUSIECKI WOJCIECH
1061,SŁAWKOWSKA 24A,NA ZDRÓWKO SPÓŁKA Z O. O.
1062,SŁOMIANA 9,CYRNEK STANISŁAW
1063,SŁOMIANA 17 lok. 002,"KORALUS EWELINA, KORALUS PAWEŁ"
1064,SŁOMIANA 26A,"JANIK ANNA, JANIK JAROSŁAW"
1065,SŁONECZNE 4,MEGANA SPÓŁKA Z O.O.
1066,SŁONECZNE 15,LEWIATAN MARKET SPÓŁKA Z OGRANICZONĄ ODPOWIEDZIALNOŚCIĄ
1067,SŁOWIAŃSKA 2,ALKO TRADING SP. Z O.O.
1068,SMĘTNA 8,SKOTNICZNY JAKUB
1069,SNYCERSKA 27A,SWĘDRAK WOJCIECH
1070,SODOWA 19/9,SZCZYPCZYK MAŁGORZATA
1071,SODOWA 7 lok. 3U i 4 U,SKOWRON ARTUR
1072,SOŁTYSOWSKA 16,"FIRMA HANDLOWA""GRZYBEK-PL"" PAWICKI SPÓŁKA JAWNA"
1073,SOŁTYSOWSKA 12A/u3,RAŹNA BEATA
1074,"SOŁTYSOWSKA 12B lok.LU2,LU3",KUBAREK RENATA
1075,SOŁTYSOWSKA 23D,JERONIMO MARTINS POLSKA S.A.
1076,SOSNOWIECKA 93,PAUK MARTA
1077,SOWIA 1A,SZEWCZYK HALINA
1078,SPÓŁDZIELCÓW 3,SWĘDRAK WOJCIECH
1079,SPÓŁDZIELCÓW 9,SKLEP WIELOBRANŻOWY KORAL A.Z. KALETA SPÓKA JAWNA
1080,SPÓŁDZIELCZE 9A,KULIG HALINA
1081,STALOWE 5,ŻUREK URSZULA
1082,STALOWE 4 lok. U1,BIENIAS GRZEGORZ
1083,STANISŁAWA KLIMECKIEGO 1,PIOTR IPAWEŁ DETAL SPÓŁKA Z O.O.
1084,STANISŁAWA KUNICKIEGO 5,"SAMEK OLAF, SAMEK ADAM"
1085,STANISŁAWA PRZYBYSZEWSKIEGO 64U lok. 37,KULA AGNIESZKA
1086,STANISŁAWA PRZYBYSZEWSKIEGO 71/LUII,KULA AGNIESZKA
1087,STANISŁAWA SKARŻYŃSKIEGO 6,MEGANA SPÓŁKA Z O.O.
1088,STANISŁAWA STOJAŁOWSKIEGO 1,SHELL POLSKA SPÓŁKA Z OGRANICZONĄ ODPOWIEDZIALNOŚCIĄ
1089,STANISŁAWA STOJAŁOWSKIEGO 3,WOJTAL PIOTR
1090,STANISŁAWA STOJAŁOWSKIEGO 6,CARREFOUR POLSKA SP. Z O.O.
1091,STANISŁAWA STOJAŁOWSKIEGO 46,HUPTYSIOWSKI PIOTR
1092,STANISŁAWA WORCELLA 6,JERONIMO MARTINS POLSKA
1093,STANISŁAWY WYSOCKIEJ 1,LIDL SPÓŁKA Z O. O. SPÓŁKA KOMANDYTOWA
1094,STANISŁAWY WYSOCKIEJ 1,LIDL SPÓŁKA Z OGRANICZONĄ ODPOWIEDZIALNOŚCIĄ SPÓŁKA KOMANDYTOWA
1095,STAŃCZYKA 14,KEFIREK SPÓŁKA AKCYJNA
1096,STAROWIŚLNA 12,JĘDRYS - ZATORSKA ALICJA
1097,STAROWIŚLNA 18,"MIKOŁAJEK GRZEGORZ, BŁONIARZ ZBIGNIEW"
1098,STAROWIŚLNA 30,MEGANA SPÓŁKA Z O.O.
1099,STAROWIŚLNA 50,GĄSIOREK TOMASZ
1100,STAROWIŚLNA 50,KEFIREK SPÓŁKA AKCYJNA
1101,STAROWIŚLNA 62,KRACOW RESIDENCE SPÓŁKA Z O.O.
1102,STAROWIŚLNA 69,SZAŁAS BEATA
1103,STAROWIŚLNA 78,DETAL PARTNER SP. Z O.O.
1104,STAROWIŚLNA 42 lok.LU1,"KOŁSUT JAROSŁAW, KOŁSUT TOMASZ"
1105,STAROWIŚLNA 8 lok. 1,FURLAGA MARIUSZ
1106,STAROWIŚLNA 95 LU 1 i 2,KONIECZKOWICZ ARTUR
1107,STAWOWA 61,AUCHAN POLSKA SPÓŁKA Z O.O.
1108,STAWOWA 61,BENEDICTUS MEMES SPÓŁKA Z OGRANICZONĄ ODPOWIEDZIALNOŚCIĄ
1109,STEFANA BATOREGO 26,NAWROCKA IWONA
1110,STEFANA OTWINOWSKIEGO 1,KUCHARSKA HANNA
1111,STEFANA ROGOZIŃSKIEGO 3 lok. U 2,KRZYSIEK KINGA
1112,"STEFANA ROGOZIŃSKIEGO 6 U1, U2",JERONIMO MARTINS POLSKA SPÓŁKA AKCYJNA
1113,STRADOMSKA 2,KEFIREK SPÓŁKA AKCYJNA
1114,STRADOMSKA 9,"ADAM CZEKAJEWSKI FIRMA HANDLOWA ""CITY"" SPÓŁKA SPÓŁKA JAWNA"
1115,STRADOMSKA 11,BROKREACJA SPÓŁKA Z O.O.
1116,STRADOMSKA 11,CORLEONE SPÓŁKA Z O.O.
1117,STRADOMSKA 25,PIT STOP SPÓŁKA Z OGRANICZONĄ ODPOWIEDZIALNOCIĄ
1118,STRADOMSKA 19 lok. 3 i 4,GUZIK TOMASZ
1119,STRÓŻA RYBNA 20,TUREK JÓZEF
1120,STRÓŻA RYBNA 16B,"PYRCZAK PIOTR, PAJĄKOWSKA-PYRCZAK LIDIA"
1121,STRÓŻA RYBNA 20 lok. 3,TUREK JÓZEF
1122,STRÓŻA RYBNA dz.347/3,GUT BOGUSŁAW
1123,STRZELCÓW 4,ALTI PLUS SPÓŁKA AKCYJNA
1124,STRZELCÓW 26,KALETA SPÓŁKA JAWNA
1125,STRZELCÓW 21E,PISKORZ BOGDAN
1126,SUKIENNICZA 8/UC1,KUKLA PAWEŁ
1127,SZAFIROWA 8,NOGIEĆ LESZEK
1128,SZCZEPAŃSKI 8,ALTI PLUS SPÓŁKA AKCYJNA SPÓŁKA KOMANDYTOWO-AKCYJNA
1129,SZCZEPAŃSKI 8,WOJEWÓDZKI ZWIĄZEK PSZCZELARZY W KRAKOWIE
1130,SZEROKA 29,KACZMARCZYK ROBERT
1131,SZEWSKA 5,CIAPAŁA EWELINA
1132,SZEWSKA 20,LEŚNIAK KRYSTYNA
1133,SZEWSKA 21,MADAME LAURA  SPÓŁKA Z O.O.
1134,SZLAK 35,TUREK JÓZEF
1135,SZLAK 65,ZBOZIEŃ JAROSŁAW
1136,SZLAK 14/2U,WYSZYŃSKA ALEKSANDRA
1137,SZLAK 50A,PALIMĄKA MAŁGORZATA
1138,SZLAK 77/B7,MINIOR TOMASZ
1139,SZPITALNA 11,"CIEŚLA GRAŻYNA, CIEŚLA MIECZYSŁAW"
1140,SZPITALNA 30,LEBIEST AGNIESZKA
1141,SZPITALNA 38,KEFIREK S.A.
1142,SZPITALNA 40,"NIEDZIÓŁKA MAŁGORZATA, NIEDZIÓŁKA KRZYSZTOF"
1143,SZPITALNA 20-22,ABRAMCIÓW RAFAŁ
1144,SZYMONA ZIMOROWICZA 43,CIACIEK RYSZARD
1145,ŚLĄSKA 4,SEMPIAK NATALIA
1146,ŚLĄSKA 6/2,ALKO TRADING SP. Z O.O.
1147,ŚLICZNA 34B/U-1,KRZYCH HUBERT
1148,ŚLUSARSKA 8/7,BASISTA MARCIN
1149,ŚLUSARSKA 6 lok. U1,POLEK DANIEL
1150,ŚW. TOMASZA 8,REIZER AGNIESZKA
1151,ŚW. TOMASZA 35,SIENKIEWICZ ALDONA
1152,ŚWIETEJ GERTRUDY 5,MILA SPÓŁKA AKCYJNA
1153,ŚWIĘTOKRZYSKA 14/L1,CHMIELOWSKI MAREK
1154,TADEUSZA MAKOWSKIEGO 4,AD SYSTEM SPOŁKA Z O.O.
1155,TADEUSZA MAKOWSKIEGO 6,"SKLEP SPOŻYWCZY KANPOL J. BOBEK,B. BOBEK,K. BOBEK SPÓŁKA JAWNA"
1156,TADEUSZA MAKOWSKIEGO 18A,HANDLOWA SPÓŁDZIELNIA JUBILAT
1157,TADEUSZA POŁOMSKIEGO 14,JERONIMO MARTINS POLSKA SPÓŁKA AKCYJNA
1158,TADEUSZA ROMANOWICZA 5/10,"OBRĘBSKA ALINA, OBRĘBSKI ŁUKASZ"
1159,TADEUSZA SZAFRANA 5,MĄCZKA SPÓŁKA Z OGRANICZONĄ ODPOWIEDZIALNOŚCIĄ
1160,TARGOWA 2,ZAMOJSKI ERNEST
1161,TEATRALNE 4,KEFIREK SPÓŁKA AKCYJNA
1162,TEATRALNE 10,TESCO (POLSKA) SPÓŁKA Z O.O.
1163,TEATRALNE 29A,TUCZYŃSKI GRZEGORZ
1164,TELIMENY 50,"SZUMNY HELENA, SZUMNY MARIUSZ"
1165,TOPAZOWA 7/32-33,KUREK ANGELIKA
1166,TOPOLOWA 12,KUŚNIERZ MAŁGORZATA
1167,TOPOLOWA 35 lok U1,JĘDRZEJEWSKI WOJCIECH
1168,TORFOWA 1,ŚPICHA BARBARA
1169,TURNIEJOWA 73F/31,KULA AGNIESZKA
1170,TWARDOWSKIEGO 48,MARKET PUNKT 4 PL SPÓŁKA Z O.O.  SPÓŁKA KOMANDYTOWA
1171,TYNIECKA 113,STAROWICZ DANUTA
1172,TYNIECKA 186,APOSTOŁ WŁADYSŁAW
1173,TYNIECKA 48A,ŚWIDER TOMASZ
1174,TYSIĄCLECIA 15,KALETA  SPÓŁKA JAWNA
1175,TYSIĄCLECIA 72,"GOŁĘBIOWSKI PAWEŁ, OSTAFIN ROBERT"
1176,TYSIĄCLECIA 76,DZIURBIEL BEATA
1177,TYSIĄCLECIA 1B,ZIELENIAK SEBASTIAN
1178,TYTUSA CHAŁUBIŃSKIEGO 21,ZAWADZKA ANNA
1179,UGOREK 1,GROCHAL JÓZEF
1180,UGOREK 14,KOMANDYTOWA
1181,UJASTEK 11,KRAK-TAR SPÓŁKA Z O.O.
1182,UŁANÓW 44A,JURECKI RYSZARD
1183,UROCZE 1,LEWIATAN MARKET SPÓŁKA Z O.O.
1184,UROCZE 11,"SOLAWA ANNA, BRODA FRANCISZEK"
1185,WADOWICKA 4,BP EUROPA SE SPÓŁKA EUROPEJSKA ODDZIAŁ W POLSCE
1186,WADOWICKA 6 lok. 12,JUROCHNIK DOMINIKA
1187,WALEREGO SŁAWKA 17 LU3,CHUDASZEK MARIOLA
1188,WALEREGO SŁAWKA 41A,SZPYT AGNIESZKA
1189,WALEREGO SŁAWKA 45A,"MADEJ BARBARA, BOLEK MACIEJ"
1190,WALEREGO SŁAWKA 45A,PAWICKI PRZEMYSŁAW
1191,WANDY 28,ZIELENIAK SEBASTIAN
1192,WANDY 30A,POLSKI KONCERN NAFTOWY ORLEN S.A.
1193,WAWELSKA 14,BOGDAN MIROSZEWSKI ZOFIA ZDANOWSKA - MIROSZEWSKA
1194,WAWELSKA 22B,DĄBROWSKI ADAM
1195,WĄWOZOWA 34B,ROMANIEC HELENA
1196,WESTERPLATTE 1,KOCYK SPÓŁKA Z O.O. SP. KOMANDYTOWA
1197,WESTERPLATTE 15/16,KUSTRA ELŻBIETA
1198,WĘGLARSKA 4,LIDL SPÓŁKA Z O.O. SPÓŁKA KOMANDYTOWA
1199,WIELICKA 8,"SZULC KAMIL, DROŻDŻ DARIUSZ"
1200,WIELICKA 8,"SE - KO SEBASTIAN ZIELENIAK, KONRAD ZIELENIAK SPÓŁKA JAWNA"
1201,WIELICKA 21,POLSKI KONCERN NAFTOWY ORLEN S.A.
1202,WIELICKA 22,ARGE PALIWA SPÓŁKA Z O.O.
1203,WIELICKA 28,KEFIREK SPÓŁKA AKCYJNA
1204,WIELICKA 67,LIDL SPÓŁKA Z O.O. SPÓŁKA KOMANDYTOWA
1205,WIELICKA 76,KALETA SPÓŁKA JAWNA
1206,WIELICKA 77,SHELL POLSKA SPÓLKA Z OGRANICZONĄ ODPOWIEDZIALNOŚCIĄ
1207,WIELICKA 183,CIRCLE K POLSKA SPÓŁKA Z OGRANICZONĄ ODPOWIEDZIALNOŚCIĄ
1208,WIELICKA 259,TESCO (POLSKA) SPÓŁKA Z O.O.
1209,WIELICKA 44/LU1,OGAR TOMASZ
1210,WIELICKA 79 lok. U2,KUSZA ANNA
1211,WIELICKA 83A,NOWAKOWSKI PIOTR
1212,WIELKOTYRNOWSKA 2,WOŁKOWSKA MAŁGORZATA
1213,WIELKOTYRNOWSKA 16a,JABŁOŃSKI WOJCIECH
1214,WIELOPOLE 14,SET MARKET SPÓŁKA Z OGRANICZONĄ ODPOWIEDZIALNOŚCIĄ
1215,WIELOPOLE 16 lok.2 i 2A,NOWORYTA MAŁGORZATA
1216,WIELOPOLE 18B,KOCYK SPÓŁKA Z O.O. SPÓŁKA KOMANDYTOWA
1217,WIEWIÓRCZA 2,"FRACZEK MAŁGORZATA, BROŚ MONIKA, FRĄCZEK WOJCIECH"
1218,WINCENTEGO WITOSA 4,LIDL SPÓŁKA Z O.O. SPÓŁKA KOMANDYTOWA
1219,WINCENTEGO WITOSA 7,CARREFOUR POLSKA SPÓŁKA Z OGRANICZONĄ ODPOWIEDZIALNOŚCIĄ
1220,WINCENTEGO WITOSA 20,SHELL POLSKA SP. Z O.O.
1221,WINCENTEGO WITOSA 39,KOMANDYTOWA
1222,WINCENTEGO WITOSA 39,GRZYWACZ WERONIKA
1223,WINCENTEGO WITOSA 19A,ALKO TIME SPÓŁKA Z OGRANICZONĄ ODPOWIEDZIALNOŚCIĄ
1224,WINCENTEGO WITOSA 19A/4,BASISTA MARCIN
1225,WIOŚLARSKA 1,POLSKI KONCERN NAFTOWY ORLEN SPÓŁKA AKCYJNA
1226,WIŚLNA 6,BAJOREK TOMASZ
1227,WIŚLNA 11,SIERANT LESZEK
1228,WITOLDA BUDRYKA 6,MARKET PUNKT 4 PL SPÓŁKA Z O.O. SPÓŁKA KOMANDYTOWA
1229,WLOTOWA 3,TUCZYŃSKI GRZEGORZ
1230,WLOTOWA 1 segm.6,WOŹNIAK JAROSŁAW
1231,WŁADYSŁAWA BRONIEWSKIEGO 1,BUŁKA GRZEGORZ
1232,WŁADYSŁAWA JAGIEŁŁY 2-4,MILICH ANNA
1233,WŁADYSŁAWA JAGIEŁŁY 31A,AD- SYSTEM SPÓŁKA Z OGRANICZONĄ ODPOWIEDZIALNOŚCIĄ
1234,WŁADYSŁAWA JAGIEŁŁY 31A,AD-SYSTEM SPÓŁKA Z O.O.
1235,WŁADYSŁAWA ŁOKIETKA 5,JERONIMO MARTINS POLSKA SPÓŁKA AKCYJNA
1236,WŁADYSŁAWA ŁOKIETKA 14,POPŁAWSKA SANDRA
1237,WŁADYSŁAWA ŁOKIETKA 136,JERONIMO MARTINS POLSKA SPÓŁKA AKCYJNA
1238,WŁADYSŁAWA ŁOKIETKA 137,CIACIEK RYSZARD
1239,WŁADYSŁAWA MITKOWSKIEGO 4/3lu,CHUDASZEK MARIOLA
1240,WŁADYSŁAWA PODKOWIŃSKIEGO 1B lok. 1 U,WERNER DOROTA
1241,WŁADYSŁAWA ŻELEŃSKIEGO 4,NOWAKOWSKI KRZYSZTOF
1242,WŁOSKA 2,MARKET PUNKT 4 PL SPÓŁKA Z O.O. SPÓŁKA KOMANDYTOWA
1243,WŁOSKA 2B,SIWULSKI PIOTR
1244,WŁÓCZKÓW 3,POLSKI KONCER NAFTOWY ORLEN S.A.
1245,WŁÓCZKÓW 6,BIENIAS GRZEGORZ
1246,WODNA 24/L1,BIELAWSKI MACIEJ
1247,WOJCIECHA LIPOWSKIEGO 33,STANULA KRZYSZTOF
1248,WOJCIECHA WEISSA obr.41,ALKO TRADING SP. Z O.O.
1249,MOZARTA 1/40,MARKOWSKI MACIEJ
1250,WOLSKA 1,GALAS MAGDALENA
1251,WOLSKA 7B,KĘDZIOR BEATA
1252,WROCŁAWSKA 26,PRZYBYLSKA KATARZYNA
1253,WROCŁAWSKA 28,JERONIMO MARTINS POLSKA SPÓŁKA AKCYJNA
1254,WROCŁAWSKA 62,"NIEDZIÓŁKA KRZYSZTOF, NIEDZIÓŁKA MAŁGORZATA"
1255,WROCŁAWSKA 16-18 lok.LUiii,SEMPIAK NATALIA
1256,WROCŁAWSKA 48/LU6A,SEMPIAK NATALIA
1257,WROCŁAWSKA 8A,ZDZIŃSKA MONIKA
1258,WRÓŻENICKA 49,RZEPIEŃ ADRIAN
1259,WYCIĄSKA 20,MARCIN SŁABOSZ
1260,WYSOKIE 19,SKLEP WIELOBRANŻOWY KORAL A.Z. KALETA SPÓŁKA JAWNA
1261,WYSOKIE 20D,QUICK HOLDING SPÓŁKA Z OGRANICZONĄ ODPOWIEDZIALNOŚCIĄ
1262,WYSOKIE 22C,"TONNELIER SPÓŁKA JAWNA A. BEDNARZ, T. BEDNARZ"
1263,XX PIJARÓW 5,TEICHMAN ŻANETA
1264,ZA SKŁONEM 3,KOŹBIAŁ HALINA
1265,ZABŁOCIE 20-22,RAFAŁ PISZCZEK
1266,ZAGŁOBY 28,DOMAGAŁA JOLANTA
1267,ZAKLIKI Z MYDLNIK 16,"PHU FULLBAK SPÓŁKA JAWNA LESZEK BURAKOWSKI,ADAM KLIMCZAK"
1268,ZAKOPIAŃSKA 48,SHELL POLSKA SPÓŁKA Z OGRANICZONĄ ODPOWIEDZIALNOŚCIĄ
1269,ZAKOPIAŃSKA 56,PINOT SPÓŁKA Z OGRANICZONĄ ODPOWIEDZIALNOŚCIĄ SPÓŁKA KOMANDYTOWA
1270,ZAKOPIAŃSKA 62,CARREFOUR POLSKA SP.Z O.O.
1271,ZAKOPIAŃSKA 62,AMBRA SPÓŁKA AKCYJNA
1272,ZAKOPIAŃSKA 105,EKO HZ SPÓLKA Z O.O.
1273,ZAKOPIAŃSKA 107,BP EUROPA SE SPÓŁKA EUROPEJSKA ODDZIAŁ W POLSCE
1274,ZAKOPIAŃSKA 136,BASISTA MARCIN
1275,ZAKOPIAŃSKA 289,POLSKI KONCERN NAFTOWY ORLEN SPÓŁKA AKCYJNA
1276,ZAKOPIAŃSKA 290,ARGE PALIWA SPÓŁKA Z O.O.
1277,ZAKOPIAŃSKA 115 LOK1,SWĘDRAK WOJCIECH
1278,ZAKOPIAŃSKA 117B,LUNZ URSZULA
1279,ZAKOPIAŃSKA 58D,POLSKI KONCERN NAFTOWY ORLEN
1280,ZAKOPIAŃSKA 70a,MAKRO CASH AND CARRY POLSKA SPÓŁKA AKCYJNA
1281,ZAMENHOFFA 1,"DROŻDŻ DARIUSZ, SZULC KAMIL"
1282,ZAWIŁA 25,PETROL POLSKA SPÓŁKA Z OGRANICZONĄ ODPOWIEDZIALNOŚCIĄ
1283,ZAWIŁA 62,KOMANDYTOWA
1284,ZAWIŁA 69,KUBAREK RENATA
1285,ZAWISZY 10,DNS SPÓŁKA Z O.O.
1286,ZBROJARZY 30,STANISŁAWSKI CEZARY
1287,ZDUNÓW 18B/LU1,GOŃKIEWICZ WOJCIECH
1288,ZDZISŁAWA JACHIMECKIEGO 1,AVANGARDE SPÓŁKA Z O.O.
1289,ZIELIŃSKA 11,PIŁUCKI JANUSZ
1290,ZIELIŃSKA 9/2,PUK MAŁGORZATA
1291,ZIELONE 6,GAMAT 2 SPÓŁKA Z O. O.
1292,ZIELONE 16,"SIKORA DOROTA, SIKORA ZDZISŁAW"
1293,ZŁOCIENIOWA 26,BOCHENEK CZESŁAW
1294,ZŁOTA PODKOWA 1/8,GAMAT SPÓŁKA Z O.O.
1295,ZŁOTEGO WIEKU 14,KALETA SPÓŁKA JAWNA
1296,ZŁOTEGO WIEKU 77,SZADY JANINA
1297,ZŁOTEGO WIEKU 94,SZCZEŚNIAK MIROSŁAW
1298,ZŁOTEGO WIEKU 19-20,KALETA  SPÓŁKA JAWNA
1299,ZŁOTEGO WIEKU 51-52,JERONIMO MARTINS POLSKA SPÓŁKA AKCYJNA
1300,ZWIERZYNIECKA 29,KOCYK SPÓŁKA Z OGRANICZONĄ ODPOWIEDZIALNOŚCIĄ SPÓŁKA KOMANDYTOWA
1301,ZWIERZYNIECKA 5/1,MAŁYSA KATARZYNA
1302,ZWIERZYNIECKA 22/U1,DZIECINA DARIUSZ
1303,ZYGMUNTA GLOGERA 22,JERONIMO MARTINS POLSKA S.A.
1304,ZYGMUNTA GLOGERA 26,LIDL SP. Z O.O. SP. K.
1305,ZYGMUNTA KRASIŃSKIEGO 1,HANDLOWA SPÓŁDZIELNIA JUBILAT
1306,ZYGMUNTA MIŁKOWSKIEGO 3,JERONIMO MARTINS POLSKA SPÓŁKA AKCYJNA
1307,ZYGMUNTA MIŁKOWSKIEGO k/bl. 8,"GOŁĘBIOWSKI PAWEŁ, OSTAFIN ROBERT"
1308,ŻABINIEC 26,JABŁOŃSKA MAŁGORZATA
1309,ŻABINIEC 93,JERONIMO MARTINS POLSKA SPÓŁKA AKCYJNA
1310,ŻABINIEC 83/35,ROŻEK MICHAŁ
